Name,Id,Phone_Number,Address,Pin_Code,Email,DOB
Sean Johnson,70614,6792622286,lucknow,8497134,seanjohnson_70614@hotmail.com,1989-12-04
Denise Dawson,58005,7061438324,chandigarh,39648e4,denisedawson_58005@outlook.com,1992-05-04
Cody Ferguson,64032,6792223202,ahmedabad,311978u,codyferguson_64032@gmail.com,1993-11-19
Alfred Berry,62564,8565823769,bangalore,9492214,alfredberry_62564@outlook.com,1987-03-07
Laura Farmer,64440,7550073665,bangalore,252394l,laurafarmer_64440@hotmail.com,1988-09-01
Michael Collins,82139,8753799278,lucknow,644166v,michaelcollins_82139@gmail.com,1990-04-09
Mrs. Amber Brady MD,88695,8734049787,kolkata,6593388,mrs.amberbradymd_88695@outlook.com,1989-07-09
Alexander Jones,38927,8105024512,chennai,28w3790,alexanderjones_38927@gmail.com,1997-02-10
Ronald Ferguson,33824,7932628801,pune,j996124,ronaldferguson_33824@hotmail.com,1993-01-23
Andrew Sanchez,84087,7228542900,pune,2949156,andrewsanchez_84087@gmail.com,1986-10-05
Linda Jackson,71098,9984323440,chandigarh,983n712,lindajackson_71098@outlook.com,1995-05-05
Alexa Fields,57728,8241092520,kolkata,5872899,alexafields_57728@hotmail.com,1999-05-01
Christopher Salazar,99893,8604485034,mysore,1796503,christophersalazar_99893@outlook.com,1988-06-14
Julie Bates,90720,8687813264,mysore,8845326,juliebates_90720@outlook.com,1994-01-30
Janet Gallagher,27933,8197620988,chennai,7861o01,janetgallagher_27933@gmail.com,1986-12-06
Shannon Parker,30016,6313189220,chandigarh,20w2292,shannonparker_30016@gmail.com,1991-11-21
Jeremy Garcia,17582,9366725276,bangalore,9433009,jeremygarcia_17582@outlook.com,1993-04-29
Mikayla Griffin,49929,9990380236,bangalore,6149012,mikaylagriffin_49929@gmail.com,1987-05-13
Rhonda Martinez,51658,8794689033,pune,3863199,rhondamartinez_51658@outlook.com,1991-10-28
Monica Thomas,55443,9867442716,mysore,9879742,monicathomas_55443@outlook.com,1994-01-16
Tonya Mcdonald,70647,9845096765,gurgaon,1945i10,tonyamcdonald_70647@gmail.com,1993-07-15
William Rodriguez,26216,9162355993,hyderabad,781547s,williamrodriguez_26216@gmail.com,1999-11-13
Paul Ho,48943,7374243738,hyderabad,8433739,paulho_48943@hotmail.com,1987-02-14
Joshua Hanson,29745,9962910370,bangalore,h649926,joshuahanson_29745@gmail.com,1997-10-15
Victoria Webb,66482,6920954439,hyderabad,5516835,victoriawebb_66482@gmail.com,1998-07-21
Claudia Knapp,65643,8984821590,hyderabad,972890s,claudiaknapp_65643@gmail.com,1995-09-08
Andrea Mercado,29244,9791768212,chandigarh,1556r37,andreamercado_29244@gmail.com,1989-01-28
Katrina Bennett,31479,6265091861,mysore,g414827,katrinabennett_31479@outlook.com,1997-11-20
Gordon Friedman,85350,9935477004,gurgaon,5031081,gordonfriedman_85350@gmail.com,1998-09-12
Eric Howell,79588,7277136161,delhi,65z9555,erichowell_79588@outlook.com,1992-08-26
Alicia Schmidt,97556,9203218876,lucknow,4759881,aliciaschmidt_97556@hotmail.com,1988-10-19
Courtney Aguilar,80571,8771872579,pune,845w804,courtneyaguilar_80571@hotmail.com,1999-09-12
Tommy Contreras,10482,8171434015,chennai,d989571,tommycontreras_10482@gmail.com,1991-05-08
Alan Sims,74247,8624743343,ahmedabad,90v5260,alansims_74247@hotmail.com,1998-06-25
Mallory Fisher,27624,7771576576,chandigarh,z308402,malloryfisher_27624@gmail.com,1991-08-30
Corey Farmer,96246,8672428533,chennai,78030s2,coreyfarmer_96246@outlook.com,1987-01-20
Matthew Bradley,94853,9626138811,ahmedabad,4834199,matthewbradley_94853@hotmail.com,1997-10-13
Drew Evans,59995,6395828171,lucknow,18903y6,drewevans_59995@outlook.com,1986-11-10
Stephanie Vazquez,48353,7415605711,ahmedabad,3558778,stephanievazquez_48353@outlook.com,1998-05-17
David Johnson,15901,8107517113,chandigarh,9688649,davidjohnson_15901@gmail.com,1988-09-18
Jennifer Dunn,96004,7183904630,chennai,2145421,jenniferdunn_96004@hotmail.com,1992-03-27
Joseph Harrison,72649,9203274103,mysore,4192265,josephharrison_72649@gmail.com,1996-09-18
Sarah Russell,14351,8936006476,hyderabad,7143263,sarahrussell_14351@outlook.com,1992-09-24
Isabella Clark,12940,6488982683,kolkata,94c3696,isabellaclark_12940@gmail.com,1987-07-07
Michael Gonzales,70247,8760772621,bangalore,8s90479,michaelgonzales_70247@outlook.com,1988-10-18
Daniel Roberts,79553,6548796030,mysore,247t588,danielroberts_79553@hotmail.com,1989-04-09
Gregory Klein,48483,6415550198,chandigarh,2749412,gregoryklein_48483@hotmail.com,1991-11-14
Kimberly Schneider,65262,7944604453,lucknow,6344683,kimberlyschneider_65262@outlook.com,1990-09-02
Debra Hernandez,27913,9852194910,gurgaon,83t9703,debrahernandez_27913@outlook.com,1997-01-18
Jimmy Calderon,17630,6489976089,hyderabad,8609571,jimmycalderon_17630@outlook.com,1991-06-22
Christopher Wright,13340,6307974865,delhi,3790534,christopherwright_13340@hotmail.com,1992-06-17
James Hurst,39629,8185053972,mysore,6877098,jameshurst_39629@hotmail.com,1992-09-10
Isabella Jones,97809,6914232788,delhi,4309712,isabellajones_97809@gmail.com,1999-01-04
Janice Cook,13755,7707948016,pune,1536020,janicecook_13755@gmail.com,1993-06-06
Michael Brown,62367,6193370466,ahmedabad,2791w47,michaelbrown_62367@gmail.com,1988-06-29
Brooke Duncan,21577,6995808848,ahmedabad,6257150,brookeduncan_21577@gmail.com,1993-11-18
Courtney Hall,63158,8659188861,mysore,522n944,courtneyhall_63158@gmail.com,1989-01-03
Jeremy Glenn,97163,6348869855,mysore,5719667,jeremyglenn_97163@hotmail.com,1993-10-18
Erika White,78486,8743637793,hyderabad,271998o,erikawhite_78486@outlook.com,1990-11-07
Victoria Ortiz,91639,7814116009,mysore,7069364,victoriaortiz_91639@gmail.com,1993-05-26
Richard Gilbert,20771,6908073961,hyderabad,382330l,richardgilbert_20771@hotmail.com,1987-12-01
Sara Beasley,96097,9751926650,lucknow,1w46140,sarabeasley_96097@hotmail.com,1996-02-27
Scott Robbins,10055,9734998516,delhi,7637491,scottrobbins_10055@hotmail.com,1989-08-30
Jeremy Lozano,13367,6575001196,chennai,5825825,jeremylozano_13367@hotmail.com,1986-08-04
Christopher Garner,59980,9572084497,delhi,5025467,christophergarner_59980@gmail.com,1995-09-03
Mrs. Rita Graham,84820,9651869729,hyderabad,5323081,mrs.ritagraham_84820@outlook.com,1999-09-25
Bethany Nunez,53180,8536108697,hyderabad,87004p8,bethanynunez_53180@gmail.com,1993-07-14
Dylan Craig,61339,8493077337,hyderabad,6126913,dylancraig_61339@outlook.com,1988-07-12
Marcus Russell,71143,7265779505,chandigarh,1813282,marcusrussell_71143@gmail.com,1994-02-17
Ryan White,44629,9576956234,lucknow,z315052,ryanwhite_44629@hotmail.com,1993-11-19
Andrew Gordon,78784,6486351692,ahmedabad,488216a,andrewgordon_78784@hotmail.com,1996-02-13
Jeffrey Hull,55947,9745249182,hyderabad,8170577,jeffreyhull_55947@outlook.com,1988-01-27
Mark Smith,62851,6790657862,mysore,6268522,marksmith_62851@hotmail.com,1999-03-11
Jeffrey Jenkins,97763,7924084613,ahmedabad,9316730,jeffreyjenkins_97763@outlook.com,1990-04-21
Laura Johnson,86446,8807459173,bangalore,9945073,laurajohnson_86446@hotmail.com,1994-05-22
Mrs. Samantha Stanton,96634,8334957633,delhi,9297144,mrs.samanthastanton_96634@gmail.com,1995-07-16
Michael Smith,18361,8676299024,gurgaon,9797116,michaelsmith_18361@hotmail.com,1991-01-05
Gail Horton,79679,6601125089,chennai,988z338,gailhorton_79679@gmail.com,1991-07-17
Rose Sellers,45346,6805365012,pune,5410085,rosesellers_45346@hotmail.com,1999-12-26
Katrina Estrada,86774,8233928471,chennai,74l7332,katrinaestrada_86774@outlook.com,1994-01-02
Julie Barron,23580,6173203745,lucknow,61g7468,juliebarron_23580@gmail.com,1988-06-13
Elizabeth Todd,21420,7303415500,gurgaon,564917s,elizabethtodd_21420@outlook.com,1995-05-03
Christopher Black,16356,7998969657,pune,9u73172,christopherblack_16356@hotmail.com,1990-11-09
Rachel Roberts,84144,6596889487,lucknow,4446195,rachelroberts_84144@outlook.com,1986-11-05
Tammy Hernandez,43660,9032505990,mysore,9859v17,tammyhernandez_43660@outlook.com,1992-08-01
Traci Casey DDS,70793,9188276697,lucknow,449q000,tracicaseydds_70793@gmail.com,1996-07-20
Luis Vega,22781,8058810255,lucknow,8384426,luisvega_22781@gmail.com,1989-08-08
Brenda French,79930,7792669569,bangalore,1875017,brendafrench_79930@outlook.com,1994-08-17
Matthew Brown,65785,9245021203,delhi,653827x,matthewbrown_65785@gmail.com,1998-09-03
David Bailey,51128,7857179411,delhi,7011e33,davidbailey_51128@gmail.com,1994-12-05
Christy Murphy,25819,8056951754,ahmedabad,g553706,christymurphy_25819@hotmail.com,1996-11-17
Lindsey Rodriguez,87583,9688051530,bangalore,3693870,lindseyrodriguez_87583@gmail.com,1997-02-02
Ashley Perkins,45400,6398957674,kolkata,n363457,ashleyperkins_45400@gmail.com,1998-10-29
Amanda Torres,56376,6294301365,pune,5756017,amandatorres_56376@hotmail.com,1988-04-27
Stephen Thomas,25903,8864892301,gurgaon,1056949,stephenthomas_25903@hotmail.com,1993-04-26
Andrea Wilkinson,76902,6908875975,mysore,2867101,andreawilkinson_76902@hotmail.com,1987-02-17
Juan Graves,67455,6479740537,chandigarh,2863674,juangraves_67455@outlook.com,1990-03-10
Melissa Gray,24547,8206500332,bangalore,7103244,melissagray_24547@gmail.com,1989-05-06
Steven Thompson,41391,7964064528,hyderabad,9933742,steventhompson_41391@gmail.com,1991-09-19
Matthew Flowers,82175,8227695755,mysore,7762v01,matthewflowers_82175@outlook.com,1993-09-02
Donald Rivas,76935,6163164620,hyderabad,w426704,donaldrivas_76935@hotmail.com,1987-06-23
Kevin Johnson,23891,8356329599,bangalore,7599993,kevinjohnson_23891@hotmail.com,1996-10-29
Richard Lane,42590,8367345722,pune,14e4996,richardlane_42590@hotmail.com,1993-11-04
Brandon Fleming,36207,6109421165,bangalore,4829393,brandonfleming_36207@gmail.com,1994-09-22
Edward Valentine,90330,9901774373,ahmedabad,2894338,edwardvalentine_90330@gmail.com,1989-04-25
Maria Cruz,64448,6678821038,kolkata,67y1264,mariacruz_64448@hotmail.com,1996-10-11
Gregory Smith,89378,8862011951,hyderabad,5598424,gregorysmith_89378@gmail.com,1988-01-02
Victoria Lee,95801,7265726390,pune,8827627,victorialee_95801@hotmail.com,1991-10-01
Scott Baker,37526,7568010277,chennai,8792388,scottbaker_37526@hotmail.com,1997-06-01
Jack Marshall,90701,6293299043,ahmedabad,6844392,jackmarshall_90701@outlook.com,1996-06-10
Rachel Johnson,43819,8804171089,kolkata,277956r,racheljohnson_43819@outlook.com,1995-04-28
Julie Stephens,13151,9039628352,lucknow,9384n36,juliestephens_13151@outlook.com,1996-09-05
Brittney Armstrong,81122,8904528233,kolkata,2671784,brittneyarmstrong_81122@gmail.com,1986-02-26
Thomas Morris,89233,6256310167,gurgaon,v633560,thomasmorris_89233@outlook.com,1996-08-18
Jessica Williams,93551,6279206161,mysore,95j1133,jessicawilliams_93551@outlook.com,1997-06-30
Michele Turner,94956,8051530027,gurgaon,3565033,micheleturner_94956@hotmail.com,1993-07-30
Jonathan Wells,91103,9973804290,mysore,1t07876,jonathanwells_91103@outlook.com,1986-04-18
Nicholas Garza,93142,9647722522,delhi,f809965,nicholasgarza_93142@gmail.com,1995-02-02
Dennis Boyd,95269,9178196974,mysore,50181o0,dennisboyd_95269@gmail.com,1988-10-18
Kathryn Rollins,67484,8306483208,lucknow,50b9333,kathrynrollins_67484@gmail.com,1988-01-18
Glenda Gomez,21268,8744954587,bangalore,8m31289,glendagomez_21268@hotmail.com,1997-03-05
Matthew Wolfe,29485,6977812320,lucknow,22x2824,matthewwolfe_29485@outlook.com,1988-07-05
David Martin Jr.,12120,8923764272,gurgaon,985n958,davidmartinjr._12120@gmail.com,1987-08-24
Olivia Robinson,23831,8475326047,chandigarh,874835o,oliviarobinson_23831@outlook.com,1993-10-24
Derek Martinez,77533,6162192030,ahmedabad,7504629,derekmartinez_77533@outlook.com,1997-07-04
Kelly Walker,15364,7847006540,pune,52b5109,kellywalker_15364@outlook.com,1986-03-15
Rachel Gomez,55796,8089582500,gurgaon,7429030,rachelgomez_55796@outlook.com,1986-12-23
Karen Hester,88182,8551263063,ahmedabad,42497o5,karenhester_88182@outlook.com,1990-05-13
Barbara Mayer,74473,8431129881,delhi,4902059,barbaramayer_74473@gmail.com,1991-10-16
Joshua Thompson,83926,6095881786,hyderabad,1271124,joshuathompson_83926@gmail.com,1990-04-30
Meghan Kelley,41436,7637330747,ahmedabad,5q09473,meghankelley_41436@hotmail.com,1997-09-24
John Henderson,14789,7264966919,lucknow,6951119,johnhenderson_14789@hotmail.com,1996-12-20
Wendy White,31866,8655031599,mysore,48m7346,wendywhite_31866@outlook.com,1995-08-22
Jeremiah Butler,73403,8273699360,mysore,461z183,jeremiahbutler_73403@outlook.com,1998-06-29
Brandon Chapman,24630,8635365660,chandigarh,3304044,brandonchapman_24630@gmail.com,1996-02-03
Vincent Mosley,14705,7860243994,gurgaon,2309723,vincentmosley_14705@outlook.com,1986-05-06
Jenna Miller,94969,8576735167,bangalore,57i8074,jennamiller_94969@hotmail.com,1989-12-10
Lisa Henderson,87477,8786008701,delhi,387l341,lisahenderson_87477@outlook.com,1995-09-15
Andrea Wood,63885,9296168097,bangalore,5747207,andreawood_63885@outlook.com,1994-09-12
Jordan Smith,16258,6042891001,lucknow,48265m2,jordansmith_16258@outlook.com,1999-03-08
Tracy Barry,86873,9048604420,ahmedabad,65885t6,tracybarry_86873@outlook.com,1997-06-14
Jose Martinez,55505,7495571443,mysore,6598539,josemartinez_55505@outlook.com,1989-10-10
Lisa Jones,70824,8129568417,ahmedabad,284826a,lisajones_70824@hotmail.com,1999-03-05
Allen Burnett,87014,7631984362,chandigarh,844376u,allenburnett_87014@gmail.com,1995-11-05
Heidi Murphy,69899,6374447738,kolkata,3014832,heidimurphy_69899@hotmail.com,1990-07-27
Donna Kim,11140,7000032246,hyderabad,9312532,donnakim_11140@outlook.com,1998-07-16
Nathaniel Graham,58413,9739591780,delhi,1932257,nathanielgraham_58413@outlook.com,1995-01-22
Linda Martinez,69314,9395799424,chandigarh,5003267,lindamartinez_69314@gmail.com,1996-08-11
Felicia Guzman,25102,9425881745,delhi,2121220,feliciaguzman_25102@hotmail.com,1990-08-01
Wanda Hughes,17995,9736508586,mysore,7936814,wandahughes_17995@hotmail.com,1989-11-25
Amber Weaver,18979,8531606843,chennai,998229v,amberweaver_18979@gmail.com,1996-02-28
Ryan Jones,15123,8411266397,mysore,8337562,ryanjones_15123@gmail.com,1996-01-30
Nicole Livingston,74681,9443108335,gurgaon,7610549,nicolelivingston_74681@gmail.com,1990-12-15
Sarah Davis,53747,8430531861,gurgaon,9937401,sarahdavis_53747@outlook.com,1994-06-25
Susan Evans,15800,7221224920,ahmedabad,8z54794,susanevans_15800@outlook.com,1988-10-28
Kathleen Thompson,85688,8565235219,delhi,3695307,kathleenthompson_85688@hotmail.com,1994-06-17
Kristen Hernandez,18320,6834123741,pune,253779u,kristenhernandez_18320@gmail.com,1987-08-16
Eric Russell,35979,9373507172,hyderabad,693m761,ericrussell_35979@hotmail.com,1998-08-05
Alexandria Boyer,64153,9237662599,lucknow,8640623,alexandriaboyer_64153@outlook.com,1988-09-27
Aaron Koch,10209,7905337809,delhi,3456492,aaronkoch_10209@gmail.com,1987-06-29
Jason Smith,38624,6254460175,kolkata,1983179,jasonsmith_38624@outlook.com,1987-01-25
David Allen,86758,8292641641,mysore,354413c,davidallen_86758@outlook.com,1995-10-24
Rachel Thornton,42581,8578900744,chennai,1269n86,rachelthornton_42581@hotmail.com,1997-09-25
Jason Williams,13807,6786993318,pune,52757l9,jasonwilliams_13807@outlook.com,1992-05-18
Joseph Rodgers,76557,9143648149,pune,7957s19,josephrodgers_76557@hotmail.com,1995-08-16
Angelica Jackson,12205,6562146298,delhi,580f135,angelicajackson_12205@hotmail.com,1990-12-29
Gina Yoder,30338,8115595380,bangalore,5956z95,ginayoder_30338@hotmail.com,1997-09-28
James Robertson,80794,8506461833,chennai,6826284,jamesrobertson_80794@gmail.com,1991-02-17
Christine Best,57879,6001467156,chennai,722320y,christinebest_57879@outlook.com,1989-07-03
Robert Miranda,93794,7897225495,ahmedabad,9742864,robertmiranda_93794@gmail.com,1990-07-15
Jonathan Sims,43602,6851844092,bangalore,81016i7,jonathansims_43602@outlook.com,1995-03-10
Douglas Cox,96431,6069684653,kolkata,9593540,douglascox_96431@outlook.com,1995-12-26
George Atkins,83657,9782467104,chennai,3850956,georgeatkins_83657@hotmail.com,1999-02-18
Charles Parker,62079,9527577411,bangalore,34x4360,charlesparker_62079@outlook.com,1998-07-03
Olivia Todd,25730,9780672884,lucknow,55791n8,oliviatodd_25730@gmail.com,1996-10-17
Danielle Jefferson,23537,7345290613,hyderabad,975e046,daniellejefferson_23537@outlook.com,1999-10-12
Valerie Peterson,21444,8137930209,pune,1422083,valeriepeterson_21444@gmail.com,1998-03-29
Christopher Nguyen,33733,9181832647,lucknow,8647049,christophernguyen_33733@outlook.com,1997-07-22
Ronald Watts,88074,7449026898,hyderabad,5178x19,ronaldwatts_88074@hotmail.com,1986-06-27
Desiree Fisher,35100,7994604814,lucknow,5600355,desireefisher_35100@hotmail.com,1986-02-14
Scott Marshall,99939,7464437742,gurgaon,p838454,scottmarshall_99939@gmail.com,1996-05-22
David Cruz,15919,7714297538,lucknow,2738382,davidcruz_15919@gmail.com,1991-05-03
James Kelly,87563,7104597862,gurgaon,193x741,jameskelly_87563@outlook.com,1988-06-04
Stephen Cook,88954,9046074797,bangalore,1380696,stephencook_88954@hotmail.com,1987-12-01
Mathew Nunez,98488,8319369602,chennai,135152y,mathewnunez_98488@gmail.com,1987-12-27
William Gutierrez,56396,8328364335,chandigarh,1p56324,williamgutierrez_56396@outlook.com,1999-12-29
Shawn Johnson,96112,9144675125,chandigarh,523123l,shawnjohnson_96112@outlook.com,1998-09-20
Kimberly Farmer,34710,6994106434,hyderabad,4522o46,kimberlyfarmer_34710@outlook.com,1989-11-11
Nicholas Salazar,35940,9825242689,gurgaon,57322k9,nicholassalazar_35940@outlook.com,1999-08-23
Brian Davis,50866,6266459631,bangalore,v866321,briandavis_50866@outlook.com,1988-07-06
Richard Davis,54234,9554800874,chennai,97526y5,richarddavis_54234@hotmail.com,1987-07-07
Dr. Tyler Rodriguez,34364,8231061102,delhi,g907288,dr.tylerrodriguez_34364@outlook.com,1987-02-09
Cindy Bowers,94710,6817151099,chennai,8774814,cindybowers_94710@outlook.com,1998-02-21
Shannon Huang,66002,9380772197,hyderabad,8d57620,shannonhuang_66002@gmail.com,1989-02-13
Michelle Vazquez,30800,9750082752,chandigarh,r306997,michellevazquez_30800@outlook.com,1986-06-24
Ryan Leon,55219,6844793261,pune,10h9462,ryanleon_55219@gmail.com,1987-10-11
Bonnie Mitchell,91336,8024500965,pune,11173y7,bonniemitchell_91336@gmail.com,1996-10-08
Mark Ramirez,33592,8465860192,delhi,2572966,markramirez_33592@outlook.com,1999-07-16
Bryan Simmons,61291,8240016020,kolkata,8959081,bryansimmons_61291@outlook.com,1990-07-15
Tammy Monroe,64002,8381406586,bangalore,4h33224,tammymonroe_64002@hotmail.com,1987-05-12
Robert Ryan,10672,9642753997,pune,6z54340,robertryan_10672@gmail.com,1993-11-22
Logan Rasmussen,19788,9550475918,ahmedabad,54594t8,loganrasmussen_19788@hotmail.com,1987-05-31
Tammy Schultz,11500,9441260902,ahmedabad,41k3624,tammyschultz_11500@hotmail.com,1988-01-14
Melissa Christensen,83417,9828414408,pune,2291137,melissachristensen_83417@gmail.com,1999-02-17
Nicole Jones,45383,8607444152,bangalore,1588470,nicolejones_45383@gmail.com,1987-12-18
Sandra Morris,65541,6406173439,mysore,720356r,sandramorris_65541@hotmail.com,1999-02-10
Thomas Callahan,68029,8764059856,delhi,86d7711,thomascallahan_68029@gmail.com,1987-09-22
Michelle Ward,97549,9674850590,chennai,989o945,michelleward_97549@hotmail.com,1991-10-10
Diane Willis,41740,6217945576,bangalore,29870c6,dianewillis_41740@gmail.com,1992-01-05
Mary Williams,25274,8081176425,lucknow,443s255,marywilliams_25274@gmail.com,1988-03-09
Susan Brock,22933,8764153371,lucknow,5929121,susanbrock_22933@hotmail.com,1999-12-06
Heather Nguyen,50780,8652139331,mysore,6886502,heathernguyen_50780@gmail.com,1999-07-07
Vanessa Smith,88057,6506531614,lucknow,9131583,vanessasmith_88057@hotmail.com,1986-08-15
Kevin Lewis,74559,8825466602,pune,2851717,kevinlewis_74559@hotmail.com,1992-12-16
Julie Davis,72052,8464563475,ahmedabad,71156h6,juliedavis_72052@gmail.com,1993-10-24
Laura Johnston,29247,6157306549,hyderabad,4913982,laurajohnston_29247@gmail.com,1990-02-14
Cynthia Clark,71904,6226477513,kolkata,2347601,cynthiaclark_71904@gmail.com,1993-02-15
Sean Adams,42340,8802659437,bangalore,285226t,seanadams_42340@outlook.com,1996-04-18
Samantha Graham,43745,6418550957,chandigarh,4144c71,samanthagraham_43745@hotmail.com,1992-06-27
Matthew Jarvis,13579,8272729056,chandigarh,721735t,matthewjarvis_13579@outlook.com,1988-07-08
Steven Simpson DDS,44819,6796055543,bangalore,6d53499,stevensimpsondds_44819@outlook.com,1994-04-14
Dylan Guzman,13629,8175465149,pune,8582755,dylanguzman_13629@gmail.com,1993-03-30
Theresa Turner,20109,6942079106,ahmedabad,1260036,theresaturner_20109@gmail.com,1991-05-15
Margaret Jones,34150,6097826037,mysore,2341778,margaretjones_34150@gmail.com,1996-06-02
Charles Davis,25110,7525480649,ahmedabad,2406490,charlesdavis_25110@outlook.com,1998-12-21
Deborah Holmes,79395,7772040029,hyderabad,669485r,deborahholmes_79395@outlook.com,1994-01-06
Zachary Smith,85821,8446920357,kolkata,5835222,zacharysmith_85821@outlook.com,1990-01-05
Christina Wolfe,56494,7564162308,chennai,584i134,christinawolfe_56494@outlook.com,1993-12-13
Jordan Graves,77084,9474772752,gurgaon,5e69729,jordangraves_77084@gmail.com,1995-04-20
Aaron King,50189,7892278006,delhi,9582210,aaronking_50189@hotmail.com,1986-01-29
Jake Jones,73083,9783004260,hyderabad,9727728,jakejones_73083@gmail.com,1987-03-22
David Roman,37663,9736214355,gurgaon,6028680,davidroman_37663@gmail.com,1986-05-17
Tracy Day,73623,7124859361,gurgaon,5094259,tracyday_73623@outlook.com,1994-09-11
Emily Bailey,82953,6617215834,mysore,90l0608,emilybailey_82953@gmail.com,1987-10-28
Lisa Lynn,13457,6874434511,mysore,4967220,lisalynn_13457@gmail.com,1996-12-08
Henry Leonard,11292,8960018177,bangalore,8676c96,henryleonard_11292@gmail.com,1993-09-13
Jennifer Lopez,24236,6687874357,chennai,3x38096,jenniferlopez_24236@hotmail.com,1992-03-21
Cheryl Simon,87524,9518751050,kolkata,2i07744,cherylsimon_87524@outlook.com,1991-12-08
Jordan Fowler,18990,9846296602,ahmedabad,6551s61,jordanfowler_18990@gmail.com,1994-06-05
Crystal Strong,49429,8981735307,ahmedabad,8115383,crystalstrong_49429@outlook.com,1994-06-28
John Tucker,58037,7325802387,bangalore,2951829,johntucker_58037@hotmail.com,1997-10-07
Monique Smith,35636,9025172960,mysore,9480389,moniquesmith_35636@hotmail.com,1987-05-03
Brandi Hall,45978,8957077785,hyderabad,51813q0,brandihall_45978@outlook.com,1995-10-07
Lindsey Fox,59473,8192626800,ahmedabad,9842218,lindseyfox_59473@gmail.com,1996-10-04
Darren Robinson,13801,6688955173,gurgaon,681x085,darrenrobinson_13801@hotmail.com,1989-01-23
Michelle Gonzales,70127,6756872451,gurgaon,8729o54,michellegonzales_70127@hotmail.com,1990-12-09
Jennifer Brady,40120,7814564952,kolkata,70i3358,jenniferbrady_40120@outlook.com,1989-08-20
Susan Day,61391,6689253175,gurgaon,42796g4,susanday_61391@hotmail.com,1987-08-02
Ashley Bird,69870,9664317836,bangalore,5527178,ashleybird_69870@hotmail.com,1989-08-24
Luke Hicks,65854,7756318584,pune,6778822,lukehicks_65854@gmail.com,1996-08-23
Tracy Baker,66866,8973061505,delhi,3890182,tracybaker_66866@outlook.com,1991-06-19
Jeffrey Olson,60112,8005954316,gurgaon,8g71229,jeffreyolson_60112@gmail.com,1991-01-05
Robert Morris,10568,9176732906,mysore,3109442,robertmorris_10568@hotmail.com,1999-01-12
Todd Reyes,30178,7500022520,hyderabad,7593949,toddreyes_30178@outlook.com,1986-07-03
Rhonda Drake,68684,8929287993,hyderabad,5213176,rhondadrake_68684@hotmail.com,1999-10-14
Pamela Esparza,33982,6957913989,kolkata,7313558,pamelaesparza_33982@hotmail.com,1991-01-09
John Turner,22445,9002023014,lucknow,1879959,johnturner_22445@outlook.com,1996-06-26
Richard Rivas DDS,26142,9463736725,ahmedabad,7872970,richardrivasdds_26142@hotmail.com,1990-10-06
John Young,20444,8995310509,ahmedabad,7074496,johnyoung_20444@hotmail.com,1992-07-30
Thomas Wallace,85777,8482162186,chandigarh,3n77693,thomaswallace_85777@hotmail.com,1999-12-11
Robert Brown,76264,7476117353,chandigarh,472v707,robertbrown_76264@hotmail.com,1987-07-06
Thomas Weber,20802,9796670466,ahmedabad,8789963,thomasweber_20802@gmail.com,1989-06-26
Kelly Rhodes,44183,9183254767,gurgaon,2084295,kellyrhodes_44183@hotmail.com,1994-02-04
Christy Taylor,62227,6874011533,lucknow,4193274,christytaylor_62227@gmail.com,1995-11-23
John Wood,90571,6930660539,delhi,9316315,johnwood_90571@outlook.com,1999-08-24
Matthew Aguilar,13642,8272890434,ahmedabad,5227837,matthewaguilar_13642@outlook.com,1998-02-19
Ruth Maldonado,31450,9283726217,chennai,4958435,ruthmaldonado_31450@outlook.com,1993-07-19
Jenny Roy,28720,7284892990,hyderabad,1424p62,jennyroy_28720@gmail.com,1992-11-06
Pamela Hall,32641,8578165128,hyderabad,8318813,pamelahall_32641@outlook.com,1996-10-19
Michael Horne,21102,8086925090,kolkata,295882i,michaelhorne_21102@gmail.com,1992-09-02
Scott Myers,55751,8431947974,hyderabad,h186764,scottmyers_55751@gmail.com,1992-11-03
Adam Price,99932,8600825124,lucknow,7454276,adamprice_99932@outlook.com,1988-11-22
Shane Perry,19481,8482091624,ahmedabad,14a1890,shaneperry_19481@gmail.com,1989-07-01
Rodney Smith,36734,7402158823,kolkata,9376m42,rodneysmith_36734@outlook.com,1991-09-28
Jennifer Campbell,36986,9862026290,gurgaon,7731389,jennifercampbell_36986@gmail.com,1991-03-22
Jane Bruce,45830,8146387002,pune,f143769,janebruce_45830@outlook.com,1998-10-28
Michelle Rivera,34305,6433696886,pune,4755721,michellerivera_34305@outlook.com,1999-06-02
Amanda Murphy,29516,7934764836,delhi,7723660,amandamurphy_29516@gmail.com,1997-10-12
Dawn Peterson,12095,8136561948,delhi,589h490,dawnpeterson_12095@outlook.com,1994-05-09
Jonathan Palmer,88929,6251223024,delhi,4378420,jonathanpalmer_88929@hotmail.com,1993-10-18
Michael Perez,94689,6571675445,lucknow,3395443,michaelperez_94689@outlook.com,1987-09-18
Cassandra Pierce,21684,6994215680,kolkata,8002m69,cassandrapierce_21684@outlook.com,1994-12-02
Austin Rogers,11577,7268904049,hyderabad,24995h7,austinrogers_11577@gmail.com,1987-06-08
Christopher Long,93809,9797493563,chennai,1590579,christopherlong_93809@gmail.com,1997-06-11
Pamela Roberts,34669,9549376935,ahmedabad,8o80658,pamelaroberts_34669@hotmail.com,1995-11-08
Justin Wright,29728,6869771526,gurgaon,3643167,justinwright_29728@hotmail.com,1997-12-12
Bobby Ramos,84142,8843755579,lucknow,k287209,bobbyramos_84142@gmail.com,1993-09-09
Ian Singleton,36430,9468583369,gurgaon,6894a73,iansingleton_36430@outlook.com,1987-09-11
Dr. Cynthia Anderson PhD,28361,8935917568,hyderabad,2507052,dr.cynthiaandersonphd_28361@gmail.com,1999-11-08
Timothy Stewart,81507,9100107453,chennai,585l512,timothystewart_81507@outlook.com,1993-10-24
Matthew Ayala,67954,8806392744,kolkata,2012965,matthewayala_67954@hotmail.com,1987-02-27
Susan Munoz,22389,8377009159,pune,49175g6,susanmunoz_22389@outlook.com,1994-12-31
Dana Waters,75545,8086246144,pune,5972434,danawaters_75545@hotmail.com,1999-06-27
Adam Marshall,35639,7282375192,lucknow,z920176,adammarshall_35639@hotmail.com,1994-12-22
Shelly Kim,69724,6957200080,gurgaon,6097720,shellykim_69724@gmail.com,1995-05-23
Jonathan Hall,14224,9553667136,chandigarh,8653729,jonathanhall_14224@outlook.com,1995-06-13
Cody Ritter,58586,8707937062,delhi,3o15739,codyritter_58586@gmail.com,1995-07-13
Nicole Davis,79217,9989787638,ahmedabad,7779568,nicoledavis_79217@gmail.com,1995-07-10
William Adams,30113,9596014480,lucknow,4091d42,williamadams_30113@outlook.com,1990-11-21
Amber Gonzalez,84760,6013106430,mysore,92199v2,ambergonzalez_84760@hotmail.com,1994-08-30
Terrance Holden,86680,6196297420,delhi,456646a,terranceholden_86680@gmail.com,1989-02-15
Laurie Moore,16476,9045165328,lucknow,b125396,lauriemoore_16476@gmail.com,1991-04-30
Timothy Ryan,49487,6004122089,chandigarh,5813848,timothyryan_49487@gmail.com,1986-04-27
Tyler Thompson,29003,9836852407,bangalore,346d003,tylerthompson_29003@hotmail.com,1986-09-11
Annette Cervantes,81918,9370793560,chennai,t236545,annettecervantes_81918@gmail.com,1998-05-29
Kristen Torres,43402,9441100534,lucknow,7609074,kristentorres_43402@outlook.com,1996-01-04
Mark Morse,20605,7197092344,gurgaon,9a76828,markmorse_20605@gmail.com,1988-01-07
Cynthia Gill,62528,8624480437,chennai,574224p,cynthiagill_62528@gmail.com,1990-08-19
Taylor Wagner,28653,7965980768,hyderabad,1245884,taylorwagner_28653@gmail.com,1991-12-03
David Brown,38702,6678453780,ahmedabad,9z76265,davidbrown_38702@outlook.com,1998-08-16
Taylor Mitchell,63442,6776780198,ahmedabad,345340k,taylormitchell_63442@hotmail.com,1993-11-25
Richard Young,35554,9264107362,gurgaon,4315582,richardyoung_35554@gmail.com,1999-08-07
Thomas Jefferson,88211,8543885961,delhi,7036193,thomasjefferson_88211@hotmail.com,1991-04-23
Shelby Zavala,52630,6414692376,ahmedabad,7b66787,shelbyzavala_52630@hotmail.com,1996-01-25
Ricky Johnson,44872,9436729586,chandigarh,1254969,rickyjohnson_44872@hotmail.com,1994-07-18
Andrea Henderson,48413,7828668590,delhi,8900555,andreahenderson_48413@gmail.com,1989-08-12
Virginia Collier,63481,9469393869,ahmedabad,30p0927,virginiacollier_63481@gmail.com,1997-09-26
Stacy Jones,36637,8735546514,kolkata,618251o,stacyjones_36637@outlook.com,1999-02-09
Stacy Tran,63515,9510831483,delhi,3957212,stacytran_63515@hotmail.com,1993-01-11
Sara Arnold,44298,9437156034,mysore,3856503,saraarnold_44298@hotmail.com,1996-12-12
Christina Velazquez,31519,7433368244,lucknow,3205477,christinavelazquez_31519@outlook.com,1989-02-16
Kimberly Hernandez,14721,8393304229,chennai,55v3011,kimberlyhernandez_14721@hotmail.com,1995-07-02
Jessica Reynolds,26280,9088090371,gurgaon,3x13920,jessicareynolds_26280@hotmail.com,1997-02-03
Tracy Williams,39589,9328568727,lucknow,5b17054,tracywilliams_39589@gmail.com,1992-03-27
Natasha Love,87090,8136076657,lucknow,5238714,natashalove_87090@outlook.com,1989-01-14
Laurie Allen,88793,8754833937,chennai,151e006,laurieallen_88793@outlook.com,1992-09-14
Jessica Vargas,89613,6273669706,lucknow,134553a,jessicavargas_89613@hotmail.com,1986-08-03
Justin Holloway,12577,9082098154,delhi,1041372,justinholloway_12577@gmail.com,1993-08-28
Todd Henderson,44206,7839881619,chennai,291h409,toddhenderson_44206@hotmail.com,1988-09-13
Janet Woodard,24664,9007405896,mysore,83h0037,janetwoodard_24664@outlook.com,1991-01-21
Wendy Decker,16943,6822564873,lucknow,9814k50,wendydecker_16943@hotmail.com,1987-11-23
Michele Clark,59989,8681875138,pune,12u4741,micheleclark_59989@hotmail.com,1991-12-16
Sara Chavez,71836,7958246283,ahmedabad,j591737,sarachavez_71836@gmail.com,1993-05-01
Raymond Hernandez,56567,8377866572,bangalore,6966900,raymondhernandez_56567@gmail.com,1993-08-03
Jason Gray,62431,8057548928,mysore,49b5602,jasongray_62431@gmail.com,1986-12-11
Bryan Dennis,59438,8974960746,ahmedabad,7098842,bryandennis_59438@gmail.com,1988-01-08
Mark Fowler,10444,6108361277,delhi,69495g4,markfowler_10444@gmail.com,1998-09-04
Kimberly Raymond,72575,6342577154,delhi,65z7985,kimberlyraymond_72575@outlook.com,1990-10-16
Amanda Burke,12265,7593979240,bangalore,633v824,amandaburke_12265@hotmail.com,1993-08-18
Lisa Norton,45403,7192995467,chandigarh,6694a78,lisanorton_45403@outlook.com,1995-07-13
Blake Jackson,61096,9191175987,delhi,8399191,blakejackson_61096@outlook.com,1990-11-28
Mariah Garrett,43556,8078254432,ahmedabad,9085663,mariahgarrett_43556@gmail.com,1993-03-14
Anna Hamilton,35650,6873496241,gurgaon,92k1260,annahamilton_35650@hotmail.com,1996-08-12
Robert Parks,73798,6778284450,lucknow,892c984,robertparks_73798@outlook.com,1995-03-27
Nancy Davis,17939,7746735074,pune,1566049,nancydavis_17939@hotmail.com,1987-06-29
Chad Sanchez Jr.,30961,6717054388,mysore,1160101,chadsanchezjr._30961@hotmail.com,1996-11-04
Jonathan Lindsey,55928,9233839840,delhi,78470i1,jonathanlindsey_55928@hotmail.com,1994-03-22
Andrea Williams,72173,9098495753,chennai,9312208,andreawilliams_72173@hotmail.com,1986-05-09
James Wright,51616,9072237600,pune,1940779,jameswright_51616@gmail.com,1996-09-19
Steven Vasquez,96202,9275627673,chennai,9018291,stevenvasquez_96202@outlook.com,1993-06-02
Peter Wood,68334,9842149207,chennai,1362779,peterwood_68334@gmail.com,1999-03-12
Amanda Davis,53172,9118750182,gurgaon,1886956,amandadavis_53172@hotmail.com,1994-10-27
Victor Garcia,33226,7320808695,hyderabad,8920v73,victorgarcia_33226@outlook.com,1997-04-17
Alison Sims,50564,6058654596,chandigarh,2n46680,alisonsims_50564@gmail.com,1997-04-03
Christopher Hoffman,20603,9866113539,bangalore,849c226,christopherhoffman_20603@outlook.com,1987-10-31
Donald Smith,26400,9763451693,chandigarh,8644270,donaldsmith_26400@hotmail.com,1993-01-06
Ronald Owens,71829,9424835035,hyderabad,885899a,ronaldowens_71829@gmail.com,1987-01-17
Casey Walters,63546,9354144506,lucknow,195l133,caseywalters_63546@hotmail.com,1990-10-30
Kimberly Lopez,19062,8217929551,gurgaon,872744d,kimberlylopez_19062@gmail.com,1990-08-23
Lauren Higgins,98780,7610963945,kolkata,24664l2,laurenhiggins_98780@gmail.com,1989-11-25
Teresa Mcguire,94640,6367565082,chennai,1915314,teresamcguire_94640@outlook.com,1988-07-23
Jack Stewart,63708,6254082567,kolkata,4a27172,jackstewart_63708@gmail.com,1986-12-05
Alex Nicholson,38416,6475018028,bangalore,3871232,alexnicholson_38416@hotmail.com,1995-09-28
Taylor Molina,26087,9385747399,chennai,5447114,taylormolina_26087@outlook.com,1997-10-30
Elizabeth Young,16891,7129662303,lucknow,243238z,elizabethyoung_16891@outlook.com,1999-04-15
Marissa Wells,12950,9627752029,kolkata,674q365,marissawells_12950@gmail.com,1990-07-11
Mackenzie Evans DDS,84276,6019781585,pune,73236z3,mackenzieevansdds_84276@hotmail.com,1996-08-04
Danny Thomas,33275,8709075731,chennai,3833075,dannythomas_33275@hotmail.com,1992-02-29
Cody Collins,68424,9212024124,pune,1234846,codycollins_68424@hotmail.com,1988-09-30
Joseph Walker,93723,8598670919,ahmedabad,417770a,josephwalker_93723@outlook.com,1986-03-19
Edward Shah,23288,7701213448,chandigarh,298k123,edwardshah_23288@gmail.com,1990-01-03
Katherine Wall,94598,7593488130,gurgaon,9369222,katherinewall_94598@outlook.com,1991-03-02
Steven Fitzpatrick,49714,6215020807,kolkata,5921629,stevenfitzpatrick_49714@gmail.com,1999-02-03
Sharon Wilson,67595,6506016131,pune,406600l,sharonwilson_67595@hotmail.com,1996-03-06
Jordan Morgan,58528,9552376078,bangalore,9717007,jordanmorgan_58528@hotmail.com,1994-01-18
Andrew Garcia,60217,9326245316,pune,5805684,andrewgarcia_60217@outlook.com,1990-02-19
Belinda Alexander,61098,9658800191,ahmedabad,76f8823,belindaalexander_61098@hotmail.com,1997-03-26
Leah Wolf,44424,8449601363,delhi,7277666,leahwolf_44424@hotmail.com,1998-09-09
Michelle Smith DVM,87541,8505960962,gurgaon,5958308,michellesmithdvm_87541@outlook.com,1988-07-10
Edward Green,99350,6762394792,chandigarh,7318s99,edwardgreen_99350@gmail.com,1992-02-21
Jessica Nichols,40751,9745160888,lucknow,7181918,jessicanichols_40751@hotmail.com,1995-12-28
Sharon Thomas,57528,7875531499,hyderabad,48x0065,sharonthomas_57528@outlook.com,1988-05-12
Tyler Wilson,16012,6159312843,chandigarh,2723z02,tylerwilson_16012@hotmail.com,1996-11-10
William Fisher,50229,6396739434,kolkata,6691061,williamfisher_50229@outlook.com,1996-07-23
Vicki Meyer,61164,9099057029,ahmedabad,7113p59,vickimeyer_61164@gmail.com,1994-10-12
Nicholas Stafford,82854,8511940799,bangalore,3n68586,nicholasstafford_82854@gmail.com,1995-12-27
Micheal Miller,90974,7828548549,chandigarh,7787572,michealmiller_90974@outlook.com,1992-11-12
Mrs. Angela Mendez MD,56529,8341633170,delhi,270g589,mrs.angelamendezmd_56529@hotmail.com,1994-06-10
Kristen Davis,86042,6636931489,lucknow,468573b,kristendavis_86042@hotmail.com,1993-10-30
Shawn Reeves,63136,7197340551,bangalore,6d10128,shawnreeves_63136@outlook.com,1997-12-07
Matthew Allison,72840,9926880538,gurgaon,6420f77,matthewallison_72840@outlook.com,1998-01-20
Joseph Washington,31251,6917722050,mysore,l954835,josephwashington_31251@outlook.com,1995-06-20
Samantha Sosa,11558,9157553028,ahmedabad,2065160,samanthasosa_11558@hotmail.com,1997-07-30
Mary Cooper,28686,7240110559,pune,8252131,marycooper_28686@hotmail.com,1999-10-08
Melissa Sanders,69257,9599580033,bangalore,4057p96,melissasanders_69257@gmail.com,1986-01-16
Shannon Fox,12636,6265680338,mysore,9368q62,shannonfox_12636@hotmail.com,1988-06-17
Katie Rivas,97154,7663206534,delhi,5330837,katierivas_97154@outlook.com,1989-03-07
Elizabeth Steele,21928,9412040006,gurgaon,3638687,elizabethsteele_21928@hotmail.com,1987-01-24
Stacy Jacobs,61636,8448302788,mysore,7784p18,stacyjacobs_61636@outlook.com,1990-10-24
Christopher Santiago,83483,7173058365,gurgaon,6665857,christophersantiago_83483@hotmail.com,1999-10-04
Jennifer Duran,20421,6142749800,mysore,67836l2,jenniferduran_20421@hotmail.com,1993-06-10
David Bradley,26996,8370556679,hyderabad,5868421,davidbradley_26996@outlook.com,1994-08-28
Shawn Smith,59881,6405331126,delhi,v375289,shawnsmith_59881@outlook.com,1995-10-04
Amy Washington,29127,6174271779,kolkata,2102948,amywashington_29127@outlook.com,1999-11-28
Robert Solomon,96574,6614431666,chandigarh,9321430,robertsolomon_96574@gmail.com,1999-05-04
Mary Gibbs,12357,7281492727,gurgaon,e749138,marygibbs_12357@hotmail.com,1996-06-04
Marcia Schmidt,78912,7878687511,chennai,9663052,marciaschmidt_78912@gmail.com,1991-05-07
Mr. Steven Jones Jr.,79994,9179563931,pune,103405q,mr.stevenjonesjr._79994@outlook.com,1992-11-22
Nicole Smith,64426,9610420796,chennai,5232968,nicolesmith_64426@hotmail.com,1995-08-17
Debbie Taylor,90810,6563886216,chennai,83741n5,debbietaylor_90810@outlook.com,1992-03-27
Jeffrey Wilcox,32342,7143973238,bangalore,2237881,jeffreywilcox_32342@outlook.com,1991-08-09
Jennifer Wu,58030,7492363765,gurgaon,3r86193,jenniferwu_58030@gmail.com,1993-12-19
Michelle Miller,26141,9858496079,pune,b157189,michellemiller_26141@gmail.com,1995-02-04
Sharon Carter,19572,7646095502,mysore,y934691,sharoncarter_19572@hotmail.com,1987-06-30
Caleb Owens,63627,7251025132,hyderabad,69393y9,calebowens_63627@gmail.com,1987-08-06
Scott Bautista,63927,9892476264,chandigarh,9m23614,scottbautista_63927@gmail.com,1993-01-22
Kathleen Mack,95537,9359457726,gurgaon,9568034,kathleenmack_95537@hotmail.com,1988-03-31
Bill Evans,23500,9884675714,mysore,5398550,billevans_23500@hotmail.com,1992-09-01
Bethany Williams,36914,6343792247,delhi,85579z3,bethanywilliams_36914@hotmail.com,1994-03-15
Cindy Tyler,42916,8278709238,mysore,4149852,cindytyler_42916@outlook.com,1993-09-03
Jenna Kaufman,90039,7213598106,lucknow,706d263,jennakaufman_90039@gmail.com,1997-06-07
Richard Campbell,80163,8631033119,gurgaon,509264i,richardcampbell_80163@outlook.com,1996-03-01
Mary Ho,89848,7795749368,delhi,2749o20,maryho_89848@hotmail.com,1999-10-23
Paula Ewing,84266,9402482953,chennai,7344418,paulaewing_84266@gmail.com,1990-05-03
Mrs. Theresa Coleman,94179,9336697473,hyderabad,5685828,mrs.theresacoleman_94179@gmail.com,1987-06-21
Luis Finley,22259,6888602235,gurgaon,4489729,luisfinley_22259@outlook.com,1987-03-03
Alyssa Marks,60541,7214563964,chennai,7472514,alyssamarks_60541@gmail.com,1994-12-13
Kristy Burgess,72034,9366170811,ahmedabad,2048427,kristyburgess_72034@outlook.com,1992-03-05
Russell Spencer,49271,9126314555,lucknow,2v24146,russellspencer_49271@outlook.com,1999-04-04
Stephanie Oneal,78002,6513730550,kolkata,75634r8,stephanieoneal_78002@gmail.com,1993-11-18
Brandy Price,67801,6240095181,chandigarh,9727797,brandyprice_67801@gmail.com,1992-08-30
Nicholas Leon,75103,7669687238,ahmedabad,1255816,nicholasleon_75103@gmail.com,1990-10-28
George Benitez,60708,6826424584,pune,9534103,georgebenitez_60708@outlook.com,1990-03-15
Brian Knight,71382,8188539139,ahmedabad,55u7126,brianknight_71382@outlook.com,1987-08-15
Barry Forbes,11502,7133090883,lucknow,2689744,barryforbes_11502@gmail.com,1989-03-11
Todd Davis,57084,7386957648,gurgaon,2701395,todddavis_57084@hotmail.com,1992-06-02
Kathy Mason,52133,7852441418,delhi,4981454,kathymason_52133@gmail.com,1987-12-15
Michelle Mcclure,25287,6104085858,chandigarh,4930166,michellemcclure_25287@hotmail.com,1990-10-09
Mary Spears,96185,9011821965,hyderabad,7351i07,maryspears_96185@outlook.com,1996-02-08
Dr. David Stewart,43036,7372641032,delhi,5612102,dr.davidstewart_43036@hotmail.com,1990-09-05
Ian Wilson,66460,8158272454,bangalore,8343508,ianwilson_66460@hotmail.com,1997-06-19
Richard Sharp,87385,7475832003,chennai,7971016,richardsharp_87385@outlook.com,1987-07-12
Christine Chang,90074,8015817523,ahmedabad,2685393,christinechang_90074@outlook.com,1992-08-23
Holly Kennedy,10941,8870319076,bangalore,15212f4,hollykennedy_10941@gmail.com,1993-06-11
Donna Miller,44686,9433429086,pune,1524851,donnamiller_44686@hotmail.com,1988-06-18
Brittany Russell,74375,6138385567,kolkata,8169520,brittanyrussell_74375@gmail.com,1987-07-19
Laura Oconnor,20958,8922053326,gurgaon,2787840,lauraoconnor_20958@gmail.com,1990-12-18
Jared Ali,89750,8748303863,delhi,6f02774,jaredali_89750@outlook.com,1997-10-10
Michael Mcfarland,44030,6601847553,delhi,7806357,michaelmcfarland_44030@gmail.com,1992-12-17
Nicole Miller,69608,6067839575,lucknow,4423576,nicolemiller_69608@outlook.com,1998-11-10
Rachel Eaton,67474,6781857452,delhi,6715011,racheleaton_67474@outlook.com,1988-01-12
Patricia Wright,10504,8899631956,bangalore,8619539,patriciawright_10504@gmail.com,1995-02-11
Ryan Owens,44001,9471678112,pune,978s012,ryanowens_44001@hotmail.com,1986-02-10
Jay Craig,20361,7736712181,pune,8624760,jaycraig_20361@gmail.com,1994-03-13
Annette Reed,59012,6329558560,kolkata,8945687,annettereed_59012@hotmail.com,1996-06-22
Laura Johnson,59840,9785678164,delhi,2427940,laurajohnson_59840@gmail.com,1988-09-13
Ashley Jackson,13796,7325389914,gurgaon,655172h,ashleyjackson_13796@gmail.com,1989-11-16
Kimberly Pittman,67599,7143193744,pune,2375650,kimberlypittman_67599@outlook.com,1989-04-07
Steven Ramirez,61047,8568102907,pune,v473492,stevenramirez_61047@gmail.com,1987-05-23
Daniel Bowen,79187,9753989737,gurgaon,8769983,danielbowen_79187@outlook.com,1994-01-09
Tiffany Estes,20553,9603572041,chennai,3907742,tiffanyestes_20553@outlook.com,1989-07-19
Jennifer Clark,35416,7843009304,pune,x514947,jenniferclark_35416@gmail.com,1992-02-08
Melissa Jimenez,51341,8112212726,hyderabad,3746064,melissajimenez_51341@outlook.com,1989-11-26
Carrie Schmidt,63311,8541930172,chandigarh,7738060,carrieschmidt_63311@outlook.com,1987-10-17
Brandon Key,62205,6469555536,chennai,8845987,brandonkey_62205@hotmail.com,1987-07-13
Jerry Fischer,79038,8738073206,delhi,93k5279,jerryfischer_79038@gmail.com,1991-11-08
Corey Meyer,86746,6240562104,kolkata,8959679,coreymeyer_86746@hotmail.com,1988-04-18
Luis Martinez,82915,8488522991,bangalore,78b4808,luismartinez_82915@outlook.com,1990-06-22
Joshua Kim,54947,9522657928,ahmedabad,4985088,joshuakim_54947@gmail.com,1995-02-13
Jennifer Brown,26786,7790516061,gurgaon,8596y32,jenniferbrown_26786@outlook.com,1989-08-05
Steven Williams,41710,8370888448,bangalore,509c972,stevenwilliams_41710@outlook.com,1991-06-19
Robert Garrison,99229,6749233537,kolkata,4268336,robertgarrison_99229@hotmail.com,1999-11-04
Michael Hall,73100,6220791189,chandigarh,88197w8,michaelhall_73100@gmail.com,1987-03-24
Douglas Williams,94781,6301866474,delhi,895799k,douglaswilliams_94781@gmail.com,1996-01-09
Joel Carter,86218,9128088942,chennai,3005978,joelcarter_86218@hotmail.com,1987-04-21
Riley Watson,37267,6064952672,lucknow,30z6420,rileywatson_37267@hotmail.com,1992-05-29
Jose Foster,31017,7982901467,delhi,2016534,josefoster_31017@hotmail.com,1989-11-05
Scott Cook,92928,8483071621,gurgaon,89341s6,scottcook_92928@outlook.com,1995-10-18
Tammy Jacobs,71042,7515272052,hyderabad,7422613,tammyjacobs_71042@outlook.com,1997-10-01
Robert Brown,79576,8049481604,chennai,5476946,robertbrown_79576@hotmail.com,1997-09-28
Jason Rivers,35754,6121003524,mysore,7122f82,jasonrivers_35754@hotmail.com,1986-03-02
Christine Flores,93965,8263201790,chandigarh,2449294,christineflores_93965@hotmail.com,1999-03-09
Jonathan Walton,22454,6736402097,lucknow,925653z,jonathanwalton_22454@hotmail.com,1987-09-01
Maria Macias,32125,9159124127,chandigarh,22q2631,mariamacias_32125@hotmail.com,1993-09-20
Brian Boyd,50197,6912526955,lucknow,p323140,brianboyd_50197@gmail.com,1989-04-19
Joseph Rodriguez,55775,6217462123,ahmedabad,6737480,josephrodriguez_55775@hotmail.com,1991-04-19
George Hamilton,98997,6291378103,ahmedabad,2534057,georgehamilton_98997@outlook.com,1995-04-23
Terri Hamilton,47753,6755226354,mysore,6092411,terrihamilton_47753@hotmail.com,1987-03-01
Steven Williams,11790,9254035611,kolkata,5260134,stevenwilliams_11790@hotmail.com,1989-01-10
Caroline Smith,99850,9640536718,mysore,4736x33,carolinesmith_99850@gmail.com,1999-08-08
Mary Bates,76925,6127292218,delhi,4796887,marybates_76925@outlook.com,1993-07-20
Miss Jennifer Browning,23146,6538866470,hyderabad,80r7509,missjenniferbrowning_23146@hotmail.com,1993-03-01
Nancy Dorsey,79644,8993118248,gurgaon,1b48281,nancydorsey_79644@outlook.com,1999-12-13
Sydney Page,32800,9198991344,chennai,72w9320,sydneypage_32800@hotmail.com,1986-04-27
Elizabeth Davies,23662,8387815430,hyderabad,4729532,elizabethdavies_23662@outlook.com,1993-03-13
Jose Zavala,85936,9499021255,chennai,3894452,josezavala_85936@outlook.com,1995-11-01
Kelly Johnson,87867,9095317183,delhi,s622864,kellyjohnson_87867@gmail.com,1994-07-31
Debbie Mullins,63220,6016509362,gurgaon,1986p96,debbiemullins_63220@hotmail.com,1987-12-23
Stephanie Gates,74197,6112984467,ahmedabad,69p5225,stephaniegates_74197@outlook.com,1998-04-16
Justin Medina,38838,6937113712,hyderabad,6111759,justinmedina_38838@hotmail.com,1999-02-08
Kelsey Hernandez,56744,9600243771,delhi,9x85870,kelseyhernandez_56744@outlook.com,1989-03-12
Rebecca Bass,37348,6418209876,kolkata,6068751,rebeccabass_37348@gmail.com,1990-01-30
Andrea Simmons,79628,9825950977,ahmedabad,6925439,andreasimmons_79628@outlook.com,1998-11-25
Christopher Kelly,42788,9489966844,hyderabad,9j80737,christopherkelly_42788@outlook.com,1988-11-27
Christian Sharp,79213,8462335684,bangalore,u216293,christiansharp_79213@outlook.com,1994-05-31
Brian White,98248,9118851299,gurgaon,3830785,brianwhite_98248@gmail.com,1987-05-06
Joe Rodriguez,93228,7528019141,bangalore,6656079,joerodriguez_93228@outlook.com,1999-12-22
John Levy,90732,9086110206,hyderabad,3506249,johnlevy_90732@hotmail.com,1993-01-28
Stephen Simon,19393,6915315958,lucknow,835643d,stephensimon_19393@gmail.com,1997-05-04
Anthony Taylor,41893,7892386528,ahmedabad,6077584,anthonytaylor_41893@hotmail.com,1987-12-30
Holly Tran,64001,9625982786,lucknow,144b672,hollytran_64001@hotmail.com,1988-12-20
Matthew Jones,26840,9006831490,lucknow,181560f,matthewjones_26840@outlook.com,1987-10-31
Theresa Hansen,67610,7951187089,ahmedabad,7h96980,theresahansen_67610@hotmail.com,1992-02-15
Karen Long,82773,9305308197,mysore,1037149,karenlong_82773@gmail.com,1994-08-15
Kristen Brown,42171,7281381066,pune,841g507,kristenbrown_42171@gmail.com,1988-01-24
Patrick Robbins,37952,9945045570,lucknow,y370937,patrickrobbins_37952@hotmail.com,1989-10-15
Whitney Williams,17387,8942233684,chennai,9232616,whitneywilliams_17387@outlook.com,1990-12-17
Vincent Sherman,10692,6194409418,chennai,9596546,vincentsherman_10692@outlook.com,1988-03-28
Thomas Hanson,19211,9855177583,pune,4n09902,thomashanson_19211@gmail.com,1992-05-19
Daniel Harrell,48521,6087180632,delhi,z471174,danielharrell_48521@outlook.com,1987-09-04
Thomas Bell,47217,6039279530,kolkata,707042y,thomasbell_47217@gmail.com,1988-05-12
Dave Turner,38045,8320766831,kolkata,9385803,daveturner_38045@hotmail.com,1987-12-13
Jamie Acosta,97660,7600230081,ahmedabad,3e48757,jamieacosta_97660@gmail.com,1993-03-11
Bill Huerta,61634,9999631236,mysore,5886337,billhuerta_61634@hotmail.com,1986-08-16
Lisa Green,38731,6660920906,kolkata,1096557,lisagreen_38731@hotmail.com,1988-04-28
Katelyn Whitaker,83611,9847351983,gurgaon,7701553,katelynwhitaker_83611@gmail.com,1996-01-09
Erica Lee,85026,9056101672,chandigarh,t932963,ericalee_85026@outlook.com,1991-02-16
Julian Trevino,12388,6635667256,kolkata,4715405,juliantrevino_12388@hotmail.com,1999-05-11
Stephanie Fleming DDS,69256,9594961592,ahmedabad,7u53588,stephanieflemingdds_69256@hotmail.com,1994-10-13
Clifford Haas,84781,8318609060,chennai,3094142,cliffordhaas_84781@hotmail.com,1986-10-19
Andrew Davis,99250,9393793475,delhi,1909243,andrewdavis_99250@gmail.com,1996-11-09
Amy Brooks,94967,6609182398,delhi,4895932,amybrooks_94967@hotmail.com,1995-01-02
Nicole Hernandez,32591,6659043302,delhi,30a5403,nicolehernandez_32591@hotmail.com,1999-05-13
James Haynes,24560,7522869000,chandigarh,5549655,jameshaynes_24560@hotmail.com,1989-06-13
Shelby Peters,16414,7446512645,ahmedabad,6284097,shelbypeters_16414@outlook.com,1990-08-20
Terri Reyes,11315,6959696714,gurgaon,3875273,terrireyes_11315@outlook.com,1990-01-30
Dalton Garcia,25228,8087521553,ahmedabad,6801009,daltongarcia_25228@outlook.com,1991-04-03
Daniel Woods,78992,6412885065,gurgaon,923217s,danielwoods_78992@gmail.com,1998-09-08
Misty Cox,96393,6840029866,chandigarh,417055j,mistycox_96393@outlook.com,1988-09-19
Vincent Reynolds,31398,6211696320,ahmedabad,5607833,vincentreynolds_31398@hotmail.com,1989-06-08
Marc Collier,90923,6839786942,hyderabad,6376674,marccollier_90923@hotmail.com,1991-08-05
Brandon Walker,72270,9017914420,kolkata,8151a63,brandonwalker_72270@outlook.com,1997-07-12
Dawn Smith,31822,9591216641,gurgaon,6033405,dawnsmith_31822@hotmail.com,1990-02-01
Samuel Flowers,94975,9290641002,hyderabad,57227r7,samuelflowers_94975@hotmail.com,1993-12-12
Stacy Ortega,86851,6755349502,pune,5038900,stacyortega_86851@gmail.com,1996-10-21
Michael Zamora,99117,9057991563,hyderabad,1033008,michaelzamora_99117@hotmail.com,1988-04-19
Lisa Sullivan,68791,6869618621,bangalore,948q663,lisasullivan_68791@gmail.com,1996-03-02
Douglas Knight,32290,9076271829,lucknow,50370d8,douglasknight_32290@gmail.com,1995-04-01
Shane Torres,11837,6571220231,mysore,4823445,shanetorres_11837@gmail.com,1996-03-15
Tasha Roberts,52954,8153011597,ahmedabad,5500281,tasharoberts_52954@gmail.com,1992-04-28
Lisa Keith,45287,8210450457,ahmedabad,3907981,lisakeith_45287@hotmail.com,1989-08-18
Anita Silva,42248,6937465344,hyderabad,9167313,anitasilva_42248@gmail.com,1997-03-22
Jessica Newman,84627,6334174629,chennai,43761y8,jessicanewman_84627@hotmail.com,1993-09-16
William Leblanc,15170,9474136190,pune,5690971,williamleblanc_15170@hotmail.com,1986-05-31
Brenda Joyce,34620,8459566822,gurgaon,310i398,brendajoyce_34620@outlook.com,1992-01-07
Catherine Brown,87797,8679977695,chandigarh,8894539,catherinebrown_87797@outlook.com,1995-08-24
John Silva,57310,8168884656,lucknow,135z049,johnsilva_57310@gmail.com,1988-06-25
Jackson Graves,70198,9835100730,mysore,f663805,jacksongraves_70198@outlook.com,1996-05-06
John Tran,82121,9155952493,lucknow,908557g,johntran_82121@hotmail.com,1987-02-20
Julie Burch,81656,9504274266,lucknow,7475071,julieburch_81656@hotmail.com,1991-03-10
Alexander Sanchez,24235,7396286416,ahmedabad,5822959,alexandersanchez_24235@hotmail.com,1997-01-18
Ashley Dorsey,88935,9077045679,mysore,4598686,ashleydorsey_88935@outlook.com,1994-01-22
Christopher Dunlap,39724,6247272397,pune,4250292,christopherdunlap_39724@gmail.com,1999-04-13
Laura Wang,58755,6260347308,chennai,468032y,laurawang_58755@hotmail.com,1999-03-18
Michelle Thomas,66922,6043245206,lucknow,2728336,michellethomas_66922@gmail.com,1986-03-09
Phillip Ball,50763,7165522719,chandigarh,7765229,phillipball_50763@gmail.com,1988-01-01
Tracy Parker,21259,6103407410,ahmedabad,8090731,tracyparker_21259@hotmail.com,1986-01-20
Kathy Ware,79176,7323067743,bangalore,15735y8,kathyware_79176@hotmail.com,1999-06-18
Kristi Nelson,15384,8132566691,delhi,8771142,kristinelson_15384@gmail.com,1998-11-08
Melissa Wilson,90630,9214898948,kolkata,5889640,melissawilson_90630@hotmail.com,1987-10-23
Aaron Carter,11163,8065745682,lucknow,7g78550,aaroncarter_11163@outlook.com,1993-06-21
Laura Cannon,65718,8159442355,bangalore,9836835,lauracannon_65718@gmail.com,1999-01-28
Isaac Johnson,33833,8476657506,pune,8i64440,isaacjohnson_33833@outlook.com,1996-10-08
John Robinson,46590,8571029458,bangalore,18m3019,johnrobinson_46590@outlook.com,1993-07-10
Nicholas Ramos,31297,6753914778,pune,4314w32,nicholasramos_31297@gmail.com,1994-09-07
Christopher Ballard,20363,7614903576,kolkata,8732238,christopherballard_20363@outlook.com,1991-07-06
Patrick Walker,44555,7600797727,chennai,31394l6,patrickwalker_44555@gmail.com,1988-10-10
Amber Anderson,85852,6525786298,gurgaon,967a214,amberanderson_85852@hotmail.com,1986-02-26
Jennifer Mitchell,32342,8649468104,gurgaon,5112j85,jennifermitchell_32342@hotmail.com,1991-10-19
Tanya Mejia,39964,6472355736,gurgaon,6099s70,tanyamejia_39964@outlook.com,1986-11-12
Thomas Holland,67902,6891397292,kolkata,7587987,thomasholland_67902@hotmail.com,1996-11-21
Michael Wiggins,32611,9279778786,pune,872h526,michaelwiggins_32611@hotmail.com,1999-02-07
Ms. Theresa Randall,51161,7834150560,kolkata,7312202,ms.theresarandall_51161@outlook.com,1992-02-25
Curtis Dodson,50956,7467838081,chennai,y945059,curtisdodson_50956@gmail.com,1996-05-23
Leslie Fitzgerald,13660,6548109481,lucknow,4466830,lesliefitzgerald_13660@hotmail.com,1993-04-10
Todd Hutchinson MD,40881,7993718789,kolkata,9395t82,toddhutchinsonmd_40881@gmail.com,1989-03-21
Kimberly Wolf,98791,7992608463,chandigarh,k353286,kimberlywolf_98791@outlook.com,1990-09-04
Cheryl Kramer,31615,6198283323,ahmedabad,32d1829,cherylkramer_31615@hotmail.com,1986-04-19
Derek Harmon,53729,9540214126,hyderabad,8062573,derekharmon_53729@hotmail.com,1999-09-21
John Mccormick DDS,81392,7796583347,bangalore,1683000,johnmccormickdds_81392@gmail.com,1990-06-01
Brandon Conner,44558,8290013170,chennai,3505062,brandonconner_44558@hotmail.com,1996-03-16
Donna Rodriguez,35905,7263470901,chandigarh,250294e,donnarodriguez_35905@hotmail.com,1995-02-24
Andrew Ball,35371,8084473646,delhi,d811367,andrewball_35371@hotmail.com,1986-11-22
Kim Larsen,87169,8482789135,kolkata,850g804,kimlarsen_87169@gmail.com,1986-01-12
Oscar Hoover,42978,9289216167,mysore,5376262,oscarhoover_42978@gmail.com,1990-08-09
Lisa Wilson,42023,7491070486,lucknow,9748043,lisawilson_42023@outlook.com,1990-03-29
John Hendricks,77431,8572515426,ahmedabad,5774895,johnhendricks_77431@hotmail.com,1992-10-28
Nicole Smith,30051,6231028457,ahmedabad,f498467,nicolesmith_30051@outlook.com,1991-02-09
Gregory Estrada,16339,8803940761,ahmedabad,728570w,gregoryestrada_16339@gmail.com,1987-08-11
Katrina Freeman,84604,6441365790,ahmedabad,3j05978,katrinafreeman_84604@gmail.com,1995-05-02
Bobby Clark,53130,8142640967,delhi,9j41669,bobbyclark_53130@hotmail.com,1996-02-11
Jill Hill,25467,9335487365,mysore,2263q46,jillhill_25467@hotmail.com,1987-12-13
Samantha Levy,10817,9789880350,mysore,2883207,samanthalevy_10817@outlook.com,1987-10-30
Edward Ferguson,32119,7788132028,kolkata,9493121,edwardferguson_32119@gmail.com,1989-05-11
Christian Kaufman,80101,6186641174,chandigarh,3932314,christiankaufman_80101@gmail.com,1994-07-16
Meredith Hill,42622,7634140541,chandigarh,q845492,meredithhill_42622@gmail.com,1987-05-21
Sarah Horton,36739,9446797482,mysore,4879959,sarahhorton_36739@gmail.com,1995-05-05
Lindsay Ashley,93677,6146522190,mysore,1925214,lindsayashley_93677@outlook.com,1992-07-25
James Mejia,28548,7741260851,delhi,6110771,jamesmejia_28548@outlook.com,1993-08-06
Holly Gilmore,13748,9464319367,chennai,9169550,hollygilmore_13748@hotmail.com,1999-11-15
John Chung,73607,9017427089,bangalore,70743a0,johnchung_73607@gmail.com,1988-12-15
Angela Smith,99591,6958989921,chennai,886800w,angelasmith_99591@hotmail.com,1994-09-22
Andrea Chase,56335,6464031813,kolkata,82r5630,andreachase_56335@gmail.com,1990-01-25
Michael Craig,66968,6279111378,lucknow,995c571,michaelcraig_66968@hotmail.com,1987-08-20
David Gonzalez,18377,8259942468,chennai,9667z52,davidgonzalez_18377@gmail.com,1987-11-04
Jesse James,48651,6147979850,lucknow,3191371,jessejames_48651@hotmail.com,1989-09-26
Donald Mullen,94415,8040666873,chennai,6839854,donaldmullen_94415@gmail.com,1990-03-10
Amber Lewis,17991,6708249326,mysore,1429179,amberlewis_17991@gmail.com,1987-01-31
Jeff Burke,26466,9697743107,ahmedabad,7403086,jeffburke_26466@hotmail.com,1998-02-06
Lynn Wilson,53205,6069860320,chennai,6866205,lynnwilson_53205@gmail.com,1986-06-13
Brittany Matthews,14791,6665643915,delhi,2256711,brittanymatthews_14791@gmail.com,1992-05-04
Jamie Lee,88599,7890079089,bangalore,7049777,jamielee_88599@outlook.com,1995-03-10
April Jimenez,47600,9819927315,kolkata,8710a89,apriljimenez_47600@outlook.com,1987-05-23
Madison Coleman,30083,7468879431,delhi,251533g,madisoncoleman_30083@hotmail.com,1988-05-25
Karen Reid,24217,6836869221,chandigarh,5281013,karenreid_24217@outlook.com,1990-10-07
Gina Church,91794,6275449067,kolkata,387b110,ginachurch_91794@gmail.com,1989-01-17
Bethany Graham,87657,7799201484,chennai,98075j9,bethanygraham_87657@outlook.com,1996-05-14
Teresa Freeman,39839,6185533658,bangalore,8946549,teresafreeman_39839@gmail.com,1990-08-27
Andrew Watson,99108,6504988541,gurgaon,z719380,andrewwatson_99108@hotmail.com,1989-05-20
Randy Price,86051,8367332486,pune,u766918,randyprice_86051@outlook.com,1998-01-30
Tammy Mcgee,54061,7511799125,lucknow,1601126,tammymcgee_54061@hotmail.com,1994-01-19
Ryan Serrano,25627,6405176335,ahmedabad,87035k5,ryanserrano_25627@outlook.com,1996-09-03
Lindsay Mayer,40797,8724915266,kolkata,7963365,lindsaymayer_40797@gmail.com,1986-02-03
Christopher Davenport,27651,6112945440,chandigarh,78355e6,christopherdavenport_27651@gmail.com,1999-04-11
Vanessa Mora,48541,7585890717,chandigarh,y077492,vanessamora_48541@hotmail.com,1995-03-02
Douglas Rivera,10230,6374415505,pune,21538r8,douglasrivera_10230@outlook.com,1988-04-25
Miss Michele Frey,91671,9492533872,bangalore,72807p2,missmichelefrey_91671@outlook.com,1988-03-16
Ana Bennett,12403,6631165816,hyderabad,44l1357,anabennett_12403@outlook.com,1987-03-24
Sara Gonzalez,76968,6715402101,pune,k876492,saragonzalez_76968@hotmail.com,1988-04-11
Christine Wright,12528,6433917356,lucknow,75q1353,christinewright_12528@outlook.com,1994-08-06
Angela Gallegos,77794,9823711960,hyderabad,2456689,angelagallegos_77794@gmail.com,1989-11-27
Lisa Wells,87798,9862651471,chennai,8910539,lisawells_87798@hotmail.com,1986-10-26
Shawn Young,11588,8197682284,delhi,2386864,shawnyoung_11588@hotmail.com,1993-03-13
Brenda Young,94183,9586791728,chennai,3210q58,brendayoung_94183@outlook.com,1995-09-13
Suzanne Davila,49531,9075855537,hyderabad,4260e46,suzannedavila_49531@gmail.com,1994-12-31
Jason Ford,80943,9964249830,lucknow,p807914,jasonford_80943@hotmail.com,1996-12-22
Kelsey Williams,48110,8145572340,hyderabad,768489i,kelseywilliams_48110@outlook.com,1987-08-09
Lisa Scott DDS,75526,9747274095,delhi,256059r,lisascottdds_75526@hotmail.com,1996-11-21
Andrew Curry,46028,8260426011,chennai,68008f4,andrewcurry_46028@hotmail.com,1990-01-24
Renee Jordan,51148,6906572664,lucknow,42534n9,reneejordan_51148@gmail.com,1990-07-11
Mariah Jordan,34355,8721602055,hyderabad,4505005,mariahjordan_34355@gmail.com,1991-03-03
Amanda Hutchinson,99605,6615374570,chennai,5341147,amandahutchinson_99605@hotmail.com,1997-04-29
Margaret Webster,10333,7687026665,chennai,63k9234,margaretwebster_10333@gmail.com,1998-01-23
Michael Martinez,31651,8511826795,gurgaon,23a5222,michaelmartinez_31651@gmail.com,1993-02-07
Tamara Charles,38669,9387985535,gurgaon,9225809,tamaracharles_38669@outlook.com,1987-06-10
Jamie Fitzgerald,65305,9047841750,ahmedabad,9887782,jamiefitzgerald_65305@outlook.com,1988-03-02
Kelly Garcia,92507,9820167775,kolkata,86g1879,kellygarcia_92507@gmail.com,1997-03-23
Rachel Beasley,19260,8998865515,chandigarh,97u4402,rachelbeasley_19260@hotmail.com,1986-08-07
Ralph Davis,53723,8510350761,chennai,g863590,ralphdavis_53723@gmail.com,1989-03-25
Heather Vargas,58038,7502351584,hyderabad,8135401,heathervargas_58038@gmail.com,1988-04-10
Riley Brown,88637,8147700822,pune,3296k62,rileybrown_88637@hotmail.com,1990-09-18
Jeremy Rogers,32446,8505862449,bangalore,79x6920,jeremyrogers_32446@hotmail.com,1995-06-09
Christopher Vincent,23904,9342293268,delhi,532z082,christophervincent_23904@gmail.com,1992-06-18
Brandon Hale,38818,6980802636,hyderabad,6753858,brandonhale_38818@outlook.com,1989-07-18
William Elliott II,23397,8116728957,kolkata,s188609,williamelliottii_23397@gmail.com,1992-05-26
Frank Nguyen,41675,7341524453,kolkata,63245j8,franknguyen_41675@gmail.com,1989-01-26
Ashley Roberts,85089,7217926916,ahmedabad,6i02185,ashleyroberts_85089@outlook.com,1988-11-22
Jack Mills,18036,9989503715,ahmedabad,6685720,jackmills_18036@outlook.com,1994-03-24
Jesus Clarke,40652,9671829662,kolkata,6647298,jesusclarke_40652@gmail.com,1989-11-01
Tracy Petersen,51929,8538938029,chennai,32s3208,tracypetersen_51929@gmail.com,1987-10-17
Laurie Moore,52175,8184300152,pune,8790574,lauriemoore_52175@outlook.com,1987-05-11
Lisa Coleman,27138,9936906150,chandigarh,498p170,lisacoleman_27138@hotmail.com,1995-05-15
Casey Knight,66119,7095266689,chandigarh,582185w,caseyknight_66119@outlook.com,1991-07-04
Cynthia Rojas,36555,9612084948,chennai,361949s,cynthiarojas_36555@hotmail.com,1991-01-13
Michael Foley,22061,7898670282,pune,1103646,michaelfoley_22061@gmail.com,1994-02-11
Paul Simon,37414,8163656464,bangalore,1278552,paulsimon_37414@gmail.com,1996-03-27
Douglas Hernandez,14908,8908348216,pune,5327126,douglashernandez_14908@gmail.com,1987-04-22
Margaret Sims,91388,6246380324,hyderabad,1n67240,margaretsims_91388@outlook.com,1991-12-08
Timothy Fischer,93355,7561704177,delhi,7069r16,timothyfischer_93355@outlook.com,1995-12-08
Kelly Rodriguez,56515,7291252916,pune,7133349,kellyrodriguez_56515@gmail.com,1986-04-11
Gregory Welch,46940,6520391549,ahmedabad,67694o5,gregorywelch_46940@outlook.com,1987-04-09
Adam Perry,23162,6446215787,kolkata,9436419,adamperry_23162@outlook.com,1998-10-14
Andrea Davis,40929,9623612360,kolkata,4708038,andreadavis_40929@gmail.com,1989-08-30
James Norton,41361,9782825879,kolkata,3120076,jamesnorton_41361@gmail.com,1990-12-22
David Roberts,26569,9612834743,chennai,885n381,davidroberts_26569@hotmail.com,1993-05-10
Jesse Johnson,99795,9976267271,bangalore,7l27471,jessejohnson_99795@gmail.com,1999-07-18
Eric Thomas,43107,9268786845,chennai,6561038,ericthomas_43107@outlook.com,1993-10-14
Sarah Nelson,92733,7212623671,chandigarh,9426881,sarahnelson_92733@hotmail.com,1988-06-03
Edward Mcmillan,84217,6828166561,pune,1393129,edwardmcmillan_84217@outlook.com,1987-10-26
Tracy Burns,79963,9028128888,chennai,6900711,tracyburns_79963@hotmail.com,1992-04-22
Isaiah Mcguire,61234,6216867280,bangalore,8035078,isaiahmcguire_61234@gmail.com,1997-04-09
Maria Martin,49698,8146798940,lucknow,5133845,mariamartin_49698@hotmail.com,1989-12-23
Rachel Goodwin,34253,7540630010,lucknow,2531827,rachelgoodwin_34253@gmail.com,1998-07-04
Susan Beasley,92444,8292252934,chennai,1870202,susanbeasley_92444@hotmail.com,1990-09-29
Nicholas Kirk,31701,8929580112,hyderabad,9603708,nicholaskirk_31701@outlook.com,1991-07-04
Courtney Fox,43168,7852809811,chandigarh,480b684,courtneyfox_43168@gmail.com,1988-07-26
Michael Mcdowell,34280,6185231751,mysore,4579h46,michaelmcdowell_34280@gmail.com,1995-04-06
Raymond Gonzalez,40243,6308719911,bangalore,6f68001,raymondgonzalez_40243@outlook.com,1995-05-31
Jeremy Washington,56599,8073813077,kolkata,7737358,jeremywashington_56599@hotmail.com,1993-11-04
Alyssa Smith,26327,9554692693,pune,342v045,alyssasmith_26327@hotmail.com,1997-03-03
Shirley Sutton,76770,9138765677,ahmedabad,2807156,shirleysutton_76770@gmail.com,1996-05-07
Jacqueline Palmer,79614,8202881721,ahmedabad,6f77008,jacquelinepalmer_79614@outlook.com,1986-11-15
Megan Schmidt,57293,7254222061,mysore,3324301,meganschmidt_57293@hotmail.com,1998-09-26
Charles Gardner,61683,9829857318,lucknow,8415807,charlesgardner_61683@outlook.com,1992-09-14
Jessica Gill,49801,9566724869,mysore,9779000,jessicagill_49801@outlook.com,1986-09-14
Melanie Cooke,30870,6514507100,hyderabad,8755752,melaniecooke_30870@gmail.com,1999-08-10
Michael Bell,14113,8252931585,ahmedabad,2845968,michaelbell_14113@hotmail.com,1999-07-22
Jessica Mccormick,17173,7259779132,bangalore,67808l2,jessicamccormick_17173@outlook.com,1986-08-12
Kayla Clark,36336,7743832721,hyderabad,2129c01,kaylaclark_36336@outlook.com,1988-02-15
Jennifer Keller,14657,9642868645,lucknow,879g827,jenniferkeller_14657@hotmail.com,1995-12-30
Joseph Garcia,83549,9650725451,bangalore,7918107,josephgarcia_83549@hotmail.com,1997-01-13
Christopher Simon,11711,7001026543,kolkata,8282821,christophersimon_11711@gmail.com,1996-10-06
Tammy Newton,94487,8678856110,lucknow,9349726,tammynewton_94487@gmail.com,1995-12-13
Jonathan Mcdonald,78920,6786369703,chandigarh,640477x,jonathanmcdonald_78920@hotmail.com,1994-05-07
Tyler Hernandez,84593,8856354388,pune,1158258,tylerhernandez_84593@gmail.com,1994-11-25
Stacy Myers,67461,6797842433,hyderabad,3851255,stacymyers_67461@hotmail.com,1992-04-13
Martin Davis,59490,8048996244,hyderabad,76120h0,martindavis_59490@hotmail.com,1990-05-08
Darlene Hernandez,46402,7611412751,chennai,1453499,darlenehernandez_46402@hotmail.com,1998-04-12
Erik White,53106,9383586664,pune,7180397,erikwhite_53106@hotmail.com,1987-12-07
Willie Young,27253,9577264255,chandigarh,7290380,willieyoung_27253@gmail.com,1993-07-21
Patrick Castillo,36369,8005789037,hyderabad,7428759,patrickcastillo_36369@outlook.com,1992-11-08
Edgar Thompson,45944,7011799854,chennai,9r33640,edgarthompson_45944@hotmail.com,1989-01-11
Susan Martin,69483,8240005851,mysore,t997907,susanmartin_69483@gmail.com,1994-07-20
Amber Pittman,95952,9203646256,delhi,6004313,amberpittman_95952@hotmail.com,1994-06-10
Thomas Kelly,39300,9421443522,hyderabad,34q1759,thomaskelly_39300@hotmail.com,1997-04-21
Shannon Turner,87850,9444189127,bangalore,3652560,shannonturner_87850@outlook.com,1987-12-05
Angela Christensen,82954,6833679507,lucknow,9x89983,angelachristensen_82954@gmail.com,1998-06-05
Daniel Smith,81787,7066684392,hyderabad,6873494,danielsmith_81787@gmail.com,1998-08-03
Joshua Richard,36850,7069800382,mysore,682762p,joshuarichard_36850@hotmail.com,1987-10-23
Jennifer Johnson,78167,8827718158,pune,g540333,jenniferjohnson_78167@hotmail.com,1994-01-06
Heather Campbell,26327,9930702363,bangalore,720843t,heathercampbell_26327@hotmail.com,1995-07-26
Jose Bryant,79147,8966013518,chandigarh,4804956,josebryant_79147@hotmail.com,1988-08-16
Jackson Randolph,74150,8028071575,kolkata,2258939,jacksonrandolph_74150@hotmail.com,1986-08-18
David Jones,95091,6388915098,bangalore,788382t,davidjones_95091@gmail.com,1999-10-20
Kristi Ross,35370,7778771472,gurgaon,1b36413,kristiross_35370@outlook.com,1995-08-18
Denise Thornton,41908,9110763777,mysore,9237083,denisethornton_41908@gmail.com,1991-12-14
Charles Farmer,41298,6902626510,ahmedabad,8045641,charlesfarmer_41298@outlook.com,1989-08-20
Scott Foster,96510,9402783046,chandigarh,2311844,scottfoster_96510@outlook.com,1998-06-27
Anthony Moore DVM,57326,6000058731,ahmedabad,6963817,anthonymooredvm_57326@gmail.com,1986-03-12
Devin Parker,67077,6408683305,lucknow,2l54583,devinparker_67077@gmail.com,1992-10-19
Kristen Ford,43936,9527869848,hyderabad,85872e0,kristenford_43936@hotmail.com,1998-06-17
Margaret Salazar,32132,9633331446,chennai,966599e,margaretsalazar_32132@gmail.com,1987-05-14
Antonio Patel,57711,8272322645,gurgaon,4092533,antoniopatel_57711@outlook.com,1996-11-13
Bryan Carter,54892,8605961244,lucknow,3779271,bryancarter_54892@outlook.com,1990-10-30
Travis Kaiser DDS,18264,8789469405,bangalore,9013002,traviskaiserdds_18264@outlook.com,1990-07-29
Brenda Walsh,90737,7605700276,gurgaon,9361556,brendawalsh_90737@gmail.com,1995-02-17
Jennifer Lopez,95405,9499073373,chennai,95246f0,jenniferlopez_95405@hotmail.com,1992-01-30
Catherine Shelton,27458,6337218990,gurgaon,8836c11,catherineshelton_27458@outlook.com,1997-11-16
Christopher Kent,54593,7962129411,chennai,166p267,christopherkent_54593@gmail.com,1996-08-18
Ashley Barber,75987,9934395554,ahmedabad,2896279,ashleybarber_75987@gmail.com,1990-03-25
Tasha Clarke PhD,22183,6828419254,pune,5997x94,tashaclarkephd_22183@hotmail.com,1999-04-12
Ryan Perkins,37323,9633573643,lucknow,7980970,ryanperkins_37323@gmail.com,1987-04-10
John Powell,62185,8929844097,gurgaon,63255y7,johnpowell_62185@gmail.com,1993-03-09
Mary Mathews,20131,8610827082,ahmedabad,3961749,marymathews_20131@gmail.com,1989-05-07
Jill Cunningham,76073,8586983900,lucknow,7050j10,jillcunningham_76073@gmail.com,1990-04-17
Jo Kim,25866,6477875038,pune,9401089,jokim_25866@outlook.com,1994-01-09
Heather Lopez,53532,6857621165,bangalore,3098319,heatherlopez_53532@gmail.com,1992-04-19
Mary Hayes,42401,7081685837,mysore,311i456,maryhayes_42401@outlook.com,1988-12-03
Ryan Stevens,33291,9810406000,lucknow,30048b1,ryanstevens_33291@hotmail.com,1994-09-03
Charles Petersen,17660,8786272651,ahmedabad,5875273,charlespetersen_17660@hotmail.com,1987-10-09
Kimberly Cantrell,96509,8699013056,pune,k598565,kimberlycantrell_96509@outlook.com,1996-02-07
Lisa Phillips,79170,6208128484,lucknow,5w68534,lisaphillips_79170@gmail.com,1998-08-20
Haley Sanford,31967,9213060944,lucknow,5312554,haleysanford_31967@hotmail.com,1999-05-02
Leah Daniel,73445,9383680944,gurgaon,2428420,leahdaniel_73445@gmail.com,1992-01-15
Steven Andrade,73504,6195888478,bangalore,3511775,stevenandrade_73504@outlook.com,1998-04-28
Eileen Evans,35708,7821187547,gurgaon,571509o,eileenevans_35708@gmail.com,1987-04-06
Cindy Reyes,50951,6166114679,delhi,4301002,cindyreyes_50951@gmail.com,1990-03-10
Daryl Matthews,70923,6286020569,gurgaon,2z26578,darylmatthews_70923@outlook.com,1993-02-13
Gary Wright,36359,6462407400,gurgaon,2704022,garywright_36359@gmail.com,1993-01-12
Jennifer Stone,20047,7303017189,gurgaon,3311u09,jenniferstone_20047@outlook.com,1987-10-30
Joel Hicks,89717,6599000857,hyderabad,2912069,joelhicks_89717@outlook.com,1996-08-14
Natalie Figueroa,12445,7551734293,bangalore,5875438,nataliefigueroa_12445@outlook.com,1993-02-16
Brittany Johnston,32251,6004922823,chennai,7086767,brittanyjohnston_32251@gmail.com,1989-01-16
Stephanie Diaz,35834,9999398071,bangalore,65388u9,stephaniediaz_35834@outlook.com,1990-08-13
Joel Ballard,15213,7271839574,lucknow,9262911,joelballard_15213@gmail.com,1997-11-05
Mark Palmer,98120,8300256425,ahmedabad,575r407,markpalmer_98120@outlook.com,1999-04-05
Jordan Jenkins,25595,6861517403,chennai,7388551,jordanjenkins_25595@gmail.com,1992-02-14
Brandi Thompson,77863,9389288152,gurgaon,1783881,brandithompson_77863@hotmail.com,1992-04-08
Jenna Villa,27157,7263575730,pune,4318986,jennavilla_27157@outlook.com,1992-04-15
Heather Wallace,97201,6574671462,delhi,9544544,heatherwallace_97201@outlook.com,1994-10-16
Alexander Holder,51358,7680270440,ahmedabad,v053849,alexanderholder_51358@hotmail.com,1987-08-31
Jessica Gray,15719,6592402560,delhi,9723717,jessicagray_15719@hotmail.com,1996-10-16
Kara Malone,26245,6757395456,pune,84453x1,karamalone_26245@hotmail.com,1996-10-30
Gregg Warner,89509,6106807414,ahmedabad,9255245,greggwarner_89509@hotmail.com,1986-03-19
Alexander Mitchell,65300,8456130653,kolkata,2470690,alexandermitchell_65300@outlook.com,1992-08-11
Matthew Smith,12030,9064289276,pune,228a468,matthewsmith_12030@hotmail.com,1995-10-01
Julie Lyons,45605,7879260766,chennai,7577189,julielyons_45605@gmail.com,1999-02-10
Amy Crawford,44781,6730879236,bangalore,8967497,amycrawford_44781@gmail.com,1993-06-10
Amanda Burton,31050,8731075232,chandigarh,5809038,amandaburton_31050@hotmail.com,1994-01-13
Kevin Rogers,15969,8354357825,hyderabad,3725057,kevinrogers_15969@outlook.com,1990-10-14
Amanda Burke,94274,7768686461,lucknow,1522606,amandaburke_94274@hotmail.com,1988-10-09
Linda Sellers,37042,8044595484,delhi,514525v,lindasellers_37042@outlook.com,1987-01-19
Miguel Peck,60199,8306942718,chandigarh,4l58708,miguelpeck_60199@outlook.com,1993-04-25
Tiffany Robinson,11564,7483677430,delhi,1107908,tiffanyrobinson_11564@outlook.com,1989-11-28
Amy Ware,72774,7555125379,bangalore,o277850,amyware_72774@outlook.com,1999-11-23
Tracy Mooney,92697,9340610448,gurgaon,131682d,tracymooney_92697@outlook.com,1990-09-24
April Bell,75702,8575090355,chennai,6484080,aprilbell_75702@hotmail.com,1993-01-10
Joshua Short,51038,7179923750,kolkata,9213648,joshuashort_51038@hotmail.com,1987-05-18
Laura Dixon,40378,6867705345,bangalore,5619125,lauradixon_40378@outlook.com,1992-11-06
Marvin Gould,86677,7858982795,pune,4837763,marvingould_86677@hotmail.com,1997-08-28
Ralph Gomez,61456,8245829388,mysore,8307978,ralphgomez_61456@hotmail.com,1990-02-26
Stephanie Robertson,39492,6313744000,chandigarh,47628a6,stephanierobertson_39492@outlook.com,1989-04-13
Michael Herrera,50445,9240432327,chandigarh,1076857,michaelherrera_50445@hotmail.com,1998-07-03
Felicia Morris,96362,7452710036,ahmedabad,5586388,feliciamorris_96362@hotmail.com,2000-01-16
Lisa Eaton,74469,8300612986,delhi,47390n3,lisaeaton_74469@outlook.com,1992-05-27
Christopher Wright,97225,6521031466,gurgaon,9521158,christopherwright_97225@gmail.com,1988-12-30
Jennifer Hawkins,93088,7011353380,kolkata,a971276,jenniferhawkins_93088@gmail.com,1996-03-20
Katherine Carter,71931,8358868346,delhi,s738151,katherinecarter_71931@gmail.com,2000-01-25
Jeffery Kennedy,19038,8708077618,hyderabad,c493239,jefferykennedy_19038@hotmail.com,1996-11-13
Jake Johnston,72972,6143869199,chandigarh,1253816,jakejohnston_72972@outlook.com,1994-01-16
James Robinson,53188,7386451499,kolkata,898u221,jamesrobinson_53188@hotmail.com,1997-11-08
Evan Bell,98137,7805762064,lucknow,s287590,evanbell_98137@outlook.com,1996-12-13
Gary Owens,57461,8611165282,lucknow,863766r,garyowens_57461@outlook.com,1995-11-20
Cheryl Torres,17314,6710375841,bangalore,871p853,cheryltorres_17314@outlook.com,1993-01-04
James Powell,94752,6077408630,delhi,4097208,jamespowell_94752@hotmail.com,1989-08-23
Donald Parker,14089,8158367051,ahmedabad,80003l5,donaldparker_14089@hotmail.com,1999-01-20
Tammy Dudley,87632,7265931781,mysore,1999736,tammydudley_87632@hotmail.com,1997-05-02
Daniel Henderson,54278,6798339864,hyderabad,428o254,danielhenderson_54278@hotmail.com,1992-12-25
Michelle Bartlett,78902,9127881417,delhi,21j6414,michellebartlett_78902@outlook.com,1997-03-31
Nancy Mejia,19858,6668811169,lucknow,5299908,nancymejia_19858@hotmail.com,1996-09-04
Mario Duncan,88639,8608977819,lucknow,4697324,marioduncan_88639@gmail.com,1990-05-20
Patricia Gibson,78625,9525769583,kolkata,8m27436,patriciagibson_78625@hotmail.com,1988-11-28
Joseph Harris MD,47510,7514244647,chennai,776527e,josephharrismd_47510@outlook.com,1996-10-16
Patty Briggs,55268,6751964352,hyderabad,7234a88,pattybriggs_55268@hotmail.com,1988-08-17
Joshua Myers,54694,8429293290,pune,8839678,joshuamyers_54694@outlook.com,1991-05-24
Gina Garcia,43106,8096881928,hyderabad,9972q47,ginagarcia_43106@outlook.com,1999-09-22
Mr. Frank Diaz,34029,9361466707,gurgaon,92753a5,mr.frankdiaz_34029@outlook.com,1990-12-05
Lauren Deleon,33443,9942360271,hyderabad,848091r,laurendeleon_33443@outlook.com,1990-02-26
Daniel Bridges,35896,6860921528,chennai,6845147,danielbridges_35896@hotmail.com,1993-02-08
Gabrielle Gutierrez,10191,7968626402,delhi,153883w,gabriellegutierrez_10191@hotmail.com,1989-09-06
Stephanie Weber,19440,7708929996,gurgaon,3548738,stephanieweber_19440@hotmail.com,1999-03-09
Jonathan Jones,28914,8715288827,gurgaon,8136717,jonathanjones_28914@outlook.com,1992-04-06
Anna Berry,99788,7298254443,lucknow,4174y21,annaberry_99788@gmail.com,1995-07-12
Brandon Jordan,56578,7141178824,mysore,67a6221,brandonjordan_56578@outlook.com,1999-12-24
Kelly Massey,37929,9047159525,pune,3451064,kellymassey_37929@outlook.com,1988-05-01
Jeffrey Martinez,70840,8533293624,pune,6q99610,jeffreymartinez_70840@hotmail.com,1996-11-29
Sheila Gallagher,74246,7880121928,delhi,7085021,sheilagallagher_74246@hotmail.com,1994-12-19
Melissa Moreno,11024,6692572510,hyderabad,26391j6,melissamoreno_11024@gmail.com,1992-05-24
Brittany Ryan,40642,9974541362,kolkata,1h82298,brittanyryan_40642@hotmail.com,1986-05-05
Denise Hunt,85509,8260412055,pune,549a813,denisehunt_85509@gmail.com,1996-10-25
Linda Stark,97082,6572376683,chennai,6233937,lindastark_97082@outlook.com,1992-10-16
Stephanie Brown,46665,6865981178,chennai,5371164,stephaniebrown_46665@hotmail.com,1987-07-08
Omar Collins,39098,9703836646,ahmedabad,2278632,omarcollins_39098@gmail.com,1987-01-29
Dominique Harding,51900,9385765451,ahmedabad,2633677,dominiqueharding_51900@gmail.com,1995-09-14
William Carr,93603,7766042194,lucknow,6576784,williamcarr_93603@gmail.com,1995-09-16
Austin Fisher,28141,6649650941,lucknow,9980677,austinfisher_28141@hotmail.com,1996-01-30
Madison Young,18821,8433807578,chandigarh,7823318,madisonyoung_18821@outlook.com,1997-07-05
Brian Alvarado,60418,6313347821,bangalore,100p364,brianalvarado_60418@hotmail.com,1991-09-16
Rachel Aguilar,19004,6698310274,kolkata,3127617,rachelaguilar_19004@gmail.com,1996-12-20
Sean Hart,16250,7621594213,lucknow,1455262,seanhart_16250@gmail.com,1993-09-08
Megan Wolfe,71437,9116057468,hyderabad,21c0164,meganwolfe_71437@gmail.com,1996-11-15
Melinda Roberts,73177,9035679252,lucknow,5359572,melindaroberts_73177@outlook.com,1998-10-01
Theresa Elliott,14143,9652410740,chandigarh,7935z68,theresaelliott_14143@outlook.com,1993-11-17
Darren Wright,95443,6164463807,kolkata,1765380,darrenwright_95443@hotmail.com,1994-12-12
Joseph Wallace,55059,8442820894,ahmedabad,7e46215,josephwallace_55059@hotmail.com,1993-05-22
Shane Greer,69472,7353099816,gurgaon,5709967,shanegreer_69472@outlook.com,1993-12-18
Christopher Serrano,93634,9318387958,mysore,3457809,christopherserrano_93634@hotmail.com,1999-03-26
Brian Henry,24590,7302229948,hyderabad,4652181,brianhenry_24590@hotmail.com,1990-09-02
Richard Shah,46366,7501290066,gurgaon,196957s,richardshah_46366@hotmail.com,1996-12-08
Jeffrey Davis,46520,6040939032,kolkata,856067l,jeffreydavis_46520@hotmail.com,1988-02-29
Kelly Noble,22634,6600104949,pune,674r485,kellynoble_22634@hotmail.com,1998-06-28
Heather Pennington,14816,7734082552,ahmedabad,7118535,heatherpennington_14816@outlook.com,1991-05-12
Susan Frank,59815,7989390639,mysore,9680c92,susanfrank_59815@hotmail.com,1992-11-04
John Dunlap,61844,8477870266,pune,b743467,johndunlap_61844@gmail.com,1988-01-14
Maria Smith,94312,6524578328,gurgaon,6036p44,mariasmith_94312@gmail.com,1986-05-24
Jennifer Cannon,54122,7106020651,mysore,38f4598,jennifercannon_54122@outlook.com,1993-12-06
Amanda Morales MD,75408,7304070384,bangalore,3586108,amandamoralesmd_75408@gmail.com,1989-02-24
Wayne Scott,25814,9182372359,kolkata,5t74564,waynescott_25814@hotmail.com,1991-10-24
Ann Gonzalez,71349,7638917842,pune,9975246,anngonzalez_71349@hotmail.com,1997-03-17
Erica Simmons,78855,6770762521,chennai,5821238,ericasimmons_78855@outlook.com,1994-06-29
Lisa Maldonado,35244,7659370763,lucknow,527p715,lisamaldonado_35244@gmail.com,1990-11-23
Melissa Lawrence,80610,8432395263,hyderabad,981379s,melissalawrence_80610@hotmail.com,1988-10-14
Casey Salazar,29575,7810333944,kolkata,98006k6,caseysalazar_29575@gmail.com,1994-09-18
Brittany Anderson,21671,8814403605,bangalore,2196910,brittanyanderson_21671@hotmail.com,1998-02-13
Austin Ochoa,70685,8879529340,ahmedabad,86r9553,austinochoa_70685@gmail.com,1999-02-13
Elizabeth Eaton,20965,7162449927,lucknow,7070636,elizabetheaton_20965@outlook.com,1996-07-30
Alan Thomas,58955,9149256179,delhi,1585k35,alanthomas_58955@hotmail.com,1990-01-08
Michael Nguyen,98787,7918756687,chandigarh,23s3212,michaelnguyen_98787@hotmail.com,1989-07-07
Brandon Cox,81058,9006215789,delhi,28s0926,brandoncox_81058@outlook.com,1987-06-16
Alexis Frost,64904,8855368437,pune,5165982,alexisfrost_64904@hotmail.com,1997-05-05
Amy Brown,94779,9740315187,mysore,390333v,amybrown_94779@outlook.com,1994-11-12
Jeanette Pratt,59590,7094116274,chandigarh,88k1193,jeanettepratt_59590@hotmail.com,1997-03-31
Rebecca Hale,60475,7986816682,ahmedabad,89u7243,rebeccahale_60475@hotmail.com,1998-10-19
Dalton Lyons,28304,9106779853,pune,4042p87,daltonlyons_28304@hotmail.com,1992-06-25
Nicole Rhodes,25692,8098090433,ahmedabad,9725089,nicolerhodes_25692@hotmail.com,1994-09-24
Sean Dominguez DDS,56433,7281302665,bangalore,3589018,seandominguezdds_56433@outlook.com,1995-06-20
Daniel Haas,39006,9688944129,lucknow,92e2923,danielhaas_39006@gmail.com,1992-05-31
Ashley Martinez,79194,6151352119,bangalore,2a23030,ashleymartinez_79194@outlook.com,1986-08-22
Edward Williams,96937,9431980778,chennai,1459445,edwardwilliams_96937@gmail.com,1987-07-04
Joseph Lopez,53970,9466912457,lucknow,79672n6,josephlopez_53970@hotmail.com,1986-07-21
Derrick Williams,85195,8084657858,gurgaon,7204702,derrickwilliams_85195@hotmail.com,1997-02-16
Michael Cole,39657,6397475024,lucknow,210o858,michaelcole_39657@hotmail.com,1993-06-25
Randall Gray,29679,7778472808,lucknow,82b2548,randallgray_29679@hotmail.com,1997-04-20
Mark Garcia,79151,9063634959,lucknow,9491583,markgarcia_79151@outlook.com,1999-06-10
Joe Smith,45221,9963784889,lucknow,260l885,joesmith_45221@outlook.com,1995-02-14
Kristin Wells,34330,8949248697,kolkata,7918194,kristinwells_34330@outlook.com,1987-09-13
Kenneth Rodriguez,89344,9575236093,bangalore,61i8906,kennethrodriguez_89344@outlook.com,1993-05-14
Michelle Williams,33012,6679239208,kolkata,5914y92,michellewilliams_33012@outlook.com,1992-11-29
Charlotte Anderson DVM,50882,7375352700,chennai,7676518,charlotteandersondvm_50882@outlook.com,1993-04-20
Christine Williams,76346,9831119499,gurgaon,608u247,christinewilliams_76346@hotmail.com,1997-01-23
Thomas Vargas,79221,9982393581,pune,24613q4,thomasvargas_79221@hotmail.com,1994-05-11
Robert Bartlett,82151,6172313974,lucknow,7745658,robertbartlett_82151@hotmail.com,1997-04-04
Jessica Hall,32144,7960435031,ahmedabad,7381872,jessicahall_32144@hotmail.com,1994-12-16
Shari Herman,91490,6318995060,gurgaon,387d294,shariherman_91490@gmail.com,1988-12-31
Tammy Melendez,61463,9078139200,delhi,1490036,tammymelendez_61463@hotmail.com,1987-01-10
Angela Holmes,27395,6124284935,chandigarh,9776q15,angelaholmes_27395@outlook.com,1994-11-12
Martin Fleming,79037,9864386408,gurgaon,b082576,martinfleming_79037@outlook.com,1994-01-09
Mark Jones,78226,6435453873,chandigarh,1637613,markjones_78226@outlook.com,1988-07-11
Jeffrey Velasquez,95774,8550565625,hyderabad,2244766,jeffreyvelasquez_95774@outlook.com,1987-07-16
Shawna Barrett,46788,8846156610,kolkata,20p3420,shawnabarrett_46788@gmail.com,1999-03-13
Jeremy Greer,97732,8697209354,mysore,1b94967,jeremygreer_97732@gmail.com,1995-08-31
Alexander Hinton,60904,9553999954,pune,4868131,alexanderhinton_60904@hotmail.com,1988-05-12
Shirley Stevens,92481,7964044629,bangalore,1841386,shirleystevens_92481@hotmail.com,1995-03-07
John Sullivan,23474,6646465812,ahmedabad,2e77679,johnsullivan_23474@gmail.com,1988-03-24
Jordan Allison,97168,6702377586,gurgaon,63q5999,jordanallison_97168@gmail.com,1991-10-23
Douglas Smith,17729,8417942456,chandigarh,737575y,douglassmith_17729@outlook.com,1989-10-26
Christopher Guzman,50677,8785177088,delhi,3040552,christopherguzman_50677@outlook.com,1993-05-21
Crystal Williams,60300,6515757474,gurgaon,5786506,crystalwilliams_60300@hotmail.com,1997-10-15
Gabrielle Becker,56451,6571489608,delhi,2339499,gabriellebecker_56451@outlook.com,1987-01-29
Lawrence Fields,34192,7405600843,mysore,5742479,lawrencefields_34192@gmail.com,1989-10-01
Scott Grimes,90183,7842669424,gurgaon,5483046,scottgrimes_90183@hotmail.com,1994-04-19
Christopher Woodward,74299,7068124474,hyderabad,4018798,christopherwoodward_74299@outlook.com,1990-04-29
Rodney Kelley,48027,6941421366,kolkata,3954048,rodneykelley_48027@outlook.com,1987-09-16
Nichole Fox,86384,7994679538,chandigarh,3227283,nicholefox_86384@outlook.com,1989-05-30
Trevor Wilson,10155,7044761358,kolkata,173471y,trevorwilson_10155@hotmail.com,1995-01-14
Melinda Williams,17873,6032544501,mysore,7a25821,melindawilliams_17873@gmail.com,1994-02-16
Adriana Farley,61571,7222439149,ahmedabad,9d13866,adrianafarley_61571@outlook.com,1987-10-12
Deborah Gallagher,21183,9609549422,pune,3683332,deborahgallagher_21183@hotmail.com,1998-03-23
Anna Galvan,62144,9742917025,kolkata,57484i1,annagalvan_62144@gmail.com,1988-07-14
Carolyn Ball,89058,7666534856,mysore,8e46438,carolynball_89058@gmail.com,1996-07-14
William Perkins,41745,6165460421,chandigarh,4016753,williamperkins_41745@outlook.com,1996-11-21
Sherri Schneider,23873,6544593935,hyderabad,44s2733,sherrischneider_23873@outlook.com,1995-01-26
Steven Carney,32529,7205807730,bangalore,8j24225,stevencarney_32529@gmail.com,1994-10-03
Caroline Carpenter,32337,9178902521,bangalore,1917632,carolinecarpenter_32337@gmail.com,1996-07-25
Lynn Webb,53863,7115175208,chandigarh,69e2809,lynnwebb_53863@hotmail.com,1987-10-02
Shirley Gonzalez,16865,8444523570,gurgaon,a573381,shirleygonzalez_16865@outlook.com,1988-11-22
Harold Gates,48037,6534757223,chennai,7u87022,haroldgates_48037@gmail.com,1991-09-13
Ruth Donaldson,62591,7398830256,pune,3370181,ruthdonaldson_62591@gmail.com,1989-03-11
Jeff Evans,75414,9104604182,mysore,929o379,jeffevans_75414@outlook.com,1990-06-13
Tyler Black,79797,9431630209,hyderabad,401464s,tylerblack_79797@outlook.com,1986-05-11
Carolyn Delacruz,30729,9159706631,bangalore,3548991,carolyndelacruz_30729@hotmail.com,1993-09-08
Terry Durham,41949,8014772773,hyderabad,9256284,terrydurham_41949@gmail.com,1987-09-19
Mary Hernandez,64062,8295616785,ahmedabad,34138c9,maryhernandez_64062@outlook.com,1993-03-24
Jill Rogers,51193,7533522815,chandigarh,2128q27,jillrogers_51193@gmail.com,1989-12-16
Andrew Hicks,62332,7210450527,chandigarh,401816s,andrewhicks_62332@hotmail.com,1987-09-02
Thomas Barker,47353,9087630477,hyderabad,4340785,thomasbarker_47353@hotmail.com,1995-07-16
Eric Day,80584,7744913001,bangalore,61814x9,ericday_80584@outlook.com,1999-06-20
Olivia Collins,86883,8104659589,kolkata,5t05023,oliviacollins_86883@hotmail.com,1996-06-12
Diana Smith,31215,6196522733,bangalore,v675754,dianasmith_31215@hotmail.com,1999-04-07
Christina Lee,90798,7449976625,gurgaon,9779030,christinalee_90798@gmail.com,1998-05-12
Michelle Huffman,21680,8617453405,chandigarh,7693043,michellehuffman_21680@outlook.com,1991-07-15
Destiny Serrano,69682,7334852889,mysore,44t0229,destinyserrano_69682@gmail.com,1988-11-05
Michael Edwards,16952,8757493639,kolkata,54e6806,michaeledwards_16952@outlook.com,1996-12-05
Anna Gregory,60853,9387479527,mysore,1373693,annagregory_60853@outlook.com,1991-12-18
Pamela Nixon,55211,6725153429,hyderabad,174947c,pamelanixon_55211@gmail.com,1988-11-25
Timothy Valdez,60135,9781043575,kolkata,6672748,timothyvaldez_60135@gmail.com,1991-06-04
Rachael Gonzalez,85842,6530244923,mysore,5563939,rachaelgonzalez_85842@gmail.com,1988-02-10
Linda Cantrell,68146,9385619611,chandigarh,1452095,lindacantrell_68146@outlook.com,1991-04-26
Jasmine Boyer,92343,6670005417,bangalore,4687647,jasmineboyer_92343@outlook.com,1986-07-05
Duane Farmer,68019,6357524843,kolkata,46j1898,duanefarmer_68019@hotmail.com,1990-02-26
Robert Guerra,20459,6362954289,gurgaon,690u967,robertguerra_20459@gmail.com,1997-09-09
Erika Boyd,45579,8657431190,chennai,808v531,erikaboyd_45579@gmail.com,1995-11-05
Todd Knight,31395,9727708625,pune,1615508,toddknight_31395@outlook.com,1993-08-10
Christina George,93945,9274844726,lucknow,3721u39,christinageorge_93945@gmail.com,1999-09-10
Sarah Sanchez,77685,7128037015,delhi,j606418,sarahsanchez_77685@gmail.com,1991-12-05
Brett Jackson,55706,9825796224,chandigarh,35553w1,brettjackson_55706@gmail.com,1993-11-25
Bryan Cole,62445,7011716072,delhi,5962340,bryancole_62445@hotmail.com,1995-06-06
Jerry Gould,94989,8368419897,chandigarh,8980838,jerrygould_94989@hotmail.com,1996-02-16
Kenneth Stone,72093,9595190675,pune,4338801,kennethstone_72093@outlook.com,1999-03-17
Ricky Liu,91307,9569138901,mysore,24y5962,rickyliu_91307@hotmail.com,1990-05-03
Deborah Evans,32430,9607798336,bangalore,9219714,deborahevans_32430@hotmail.com,1998-10-03
Kayla Kelley,33279,8807894608,ahmedabad,5p83507,kaylakelley_33279@gmail.com,1994-05-25
Emily Bullock,13451,6928489320,pune,7342899,emilybullock_13451@gmail.com,1992-02-13
Jonathan Mitchell,74549,9570802561,ahmedabad,m170578,jonathanmitchell_74549@outlook.com,1995-06-27
Stacy Avila,38191,7900354797,mysore,5761769,stacyavila_38191@hotmail.com,1993-08-09
Emma Mercer,96225,9110940660,gurgaon,5195389,emmamercer_96225@outlook.com,1992-07-30
Jeremy Ramos,14359,8624607310,bangalore,897934g,jeremyramos_14359@hotmail.com,1987-12-28
Yolanda Johnston,72642,9382583187,gurgaon,4372443,yolandajohnston_72642@gmail.com,1987-07-10
Michelle Ramirez,67403,8500530249,hyderabad,83l5786,michelleramirez_67403@gmail.com,1988-08-18
Christopher Moreno,29300,8309395587,kolkata,612v751,christophermoreno_29300@gmail.com,1993-04-27
Ashley Abbott,28985,9509782801,lucknow,5968144,ashleyabbott_28985@gmail.com,1993-10-27
Tina Vega,72231,7795587661,gurgaon,52e1826,tinavega_72231@outlook.com,1997-07-29
Amanda Williams,29614,6149472218,lucknow,5873968,amandawilliams_29614@outlook.com,1991-07-25
Kevin Lopez,38511,9256824713,lucknow,66z0516,kevinlopez_38511@hotmail.com,1992-09-21
Evan Dunn,49798,9200729592,bangalore,r444721,evandunn_49798@outlook.com,1990-06-14
Sara Mcdaniel,66291,7155415700,lucknow,3026805,saramcdaniel_66291@outlook.com,1990-10-05
Brian Matthews,65715,8647688272,gurgaon,3767l50,brianmatthews_65715@gmail.com,1994-03-11
Joan Peterson,58598,8185499559,bangalore,956y182,joanpeterson_58598@outlook.com,1998-12-04
David Lewis,57909,9744512529,mysore,3314625,davidlewis_57909@gmail.com,2000-01-27
Michael Howard,23225,6528224528,pune,5587953,michaelhoward_23225@hotmail.com,1989-04-05
Pamela Gill,57811,8339344963,mysore,98s5503,pamelagill_57811@outlook.com,1996-07-03
Thomas Mcknight,82995,7684082909,kolkata,6599716,thomasmcknight_82995@gmail.com,1987-08-11
Joshua Lewis,50140,9150413593,lucknow,2426732,joshualewis_50140@hotmail.com,1994-05-05
Glenn Smith,39316,7537391860,mysore,7307n00,glennsmith_39316@outlook.com,1992-09-05
Michele Harris,12641,8485880516,chandigarh,8930425,micheleharris_12641@hotmail.com,1986-03-29
Johnny Hughes,49713,8127393853,lucknow,9819583,johnnyhughes_49713@outlook.com,1998-08-31
Allison Butler,34483,9450938469,ahmedabad,5257401,allisonbutler_34483@hotmail.com,1992-03-18
Daniel Mitchell,60849,7968731940,chennai,62114t5,danielmitchell_60849@gmail.com,1989-07-27
Hannah Smith,55654,8841871459,chennai,1470v86,hannahsmith_55654@hotmail.com,1987-11-21
Angela Sexton,47858,9258854265,gurgaon,7087883,angelasexton_47858@gmail.com,1988-11-06
